id,category,description,notes,dynamics,instruments,assigned,qty,w,n_events,n_distinct,player_count,span_semitones,interval_raw,interval_reported,pitch_structure_density,sonic_mass,instrument_rss,composite_total,composite_total_pre_log,spectral_entropy,harmonic_ratio,weighted_orchestral,weighted_pitch,warnings,nonfinite_flag
MORPH.single,MORPH,single pitch,C4,mf,flauta,,1,0.5,1,1,1,0.0,0.0,0.0,0.0,25.954758,25.954758,0.0,0.0,0.0,1.0,1.2977379,0.0,Fewer than two simultaneous events; interval compactness is zero or unstable.,False
MORPH.dyad_min2,MORPH,dyad C4-C#4 (min2),C4 C#4,mf mf,flauta flauta,,1 1,0.5,2,2,2,1.0,0.9048374180359595,0.2798579136268373,1.3996513427071333,46.491688,33.09705359489669,0.007148988385600404,0.0165973853650981,0.9901818073458435,0.5582666303705729,1.6548526797448346,0.13992895681341866,,False
MORPH.dyad_maj2,MORPH,dyad C4-D4 (maj2),C4 D4,mf mf,flauta flauta,,1 1,0.5,2,2,2,2.0,0.8187307530779818,0.25976841038427523,1.266077607089818,46.397835,33.03889919574339,0.0064653045847542015,0.014998275988206116,0.9897966383818677,0.5593958856054383,1.6519449597871694,0.12988420519213761,,False
MORPH.dyad_M3,MORPH,dyad C4-E4 (M3),C4 E4,mf mf,flauta flauta,,1 1,0.5,2,2,2,4.0,0.6703200460356393,0.2227996932495034,1.0192887714366348,42.361602000000005,30.70560197877417,0.004982031821857625,0.011537602786769713,0.9630380753515804,0.6126953838997873,1.5352800989387083,0.1113998466247517,,False
MORPH.dyad_tritone,MORPH,dyad C4-F#4 (tritone),C4 F#4,mf mf,flauta flauta,,1 1,0.5,2,2,2,6.0,0.5488116360940264,0.1899986027951832,0.8357901978224206,42.653105,30.8623436467643,0.00410332379471738,0.009493027842357296,0.9657556062986891,0.6085080558613495,1.543117182338215,0.0949993013975916,,False
MORPH.dyad_P5,MORPH,dyad C4-G4 (P5),C4 G4,mf mf,flauta flauta,,1 1,0.5,2,2,2,7.0,0.49658530379140947,0.17510147621132907,0.7522859797002593,41.684961,30.349443969532178,0.003653097849336314,0.008447045296364045,0.9561555269526072,0.6226408128341538,1.517472198476609,0.08755073810566452,,False
MORPH.dyad_8ve,MORPH,dyad C4-C5 (8ve),C4 C5,mf mf,flauta flauta,,1 1,0.5,2,2,2,12.0,0.301194211912202,0.11434212274678003,0.4164182160684099,36.652396,28.072921501290317,0.001899971292270346,0.004384429182103748,0.8711212357168183,1.0,1.4036460750645157,0.057171061373390016,,False
MORPH.dyad_2x8ve,MORPH,dyad C4-C6 (2x8ve),C4 C6,mf mf,flauta flauta,,1 1,0.5,2,2,2,24.0,0.09071795328941247,0.0377124617101715,0.11675927623776544,31.516180000000002,26.543904714654325,0.0004947971903562944,0.001139961897757313,0.6722767065986244,1.0,1.3271952357327164,0.01885623085508575,,False
MORPH.dyad_3x8ve,MORPH,dyad C4-C7 (3x8ve),C4 C7,mf mf,flauta flauta,,1 1,0.5,2,2,2,36.0,0.02732372244729256,0.011707316741617527,0.032567880465228245,29.111815,26.146060348354837,0.00013270101697131207,0.0003056020703045262,0.49521045590818746,1.0,1.307303017417742,0.005853658370808763,,False
MORPH.cluster_3,MORPH,3-semitone chromatic cluster from C4,C4 C#4 D4,mf mf mf,flauta flauta flauta,,1 1 1,0.5,3,3,3,2.0,2.628405589149901,0.2732641309127974,4.817555013746974,66.934765,38.901598346229854,0.028793389245731667,0.06854640925054238,1.5755757763704257,0.3877619948318337,1.9450799173114928,0.1366320654563987,,False
MORPH.cluster_5,MORPH,5-semitone chromatic cluster from C4,C4 C#4 D4 D#4 E4,mf mf mf mf mf,flauta flauta flauta flauta flauta,,1 1 1 1 1,0.5,5,5,5,4.0,8.22749841877686,0.2607270692326315,17.372690446018215,101.903771,46.120198850893665,0.11560923209120151,0.30499615502026195,2.3049297590660887,0.2546987000117984,2.3060099425446836,0.13036353461631575,,False
MORPH.cluster_7,MORPH,7-semitone chromatic cluster from C4,C4 C#4 D4 D#4 E4 F4 F#4,mf mf mf mf mf mf mf,flauta flauta flauta flauta flauta flauta flauta,,1 1 1 1 1 1 1,0.5,7,7,7,6.0,16.25878424995875,0.24900938507621384,36.8426185090773,136.495679,52.211943651228914,0.2426871661729893,0.7485866815349853,2.7906721868505007,0.19015076660412086,2.6105971825614454,0.12450469253810692,,False
MORPH.cluster_12,MORPH,12-semitone chromatic cluster from C4,C4 C#4 D4 D#4 E4 F4 F#4 G4 G#4 A4 A#4 B4,mf mf mf mf mf mf mf mf mf mf mf mf,flauta flauta flauta flauta flauta flauta flauta flauta flauta flauta flauta flauta,,1 1 1 1 1 1 1 1 1 1 1 1,0.5,12,12,12,11.0,44.27760923883722,0.22294340671563145,109.35345964027644,209.468586,61.69971145524068,0.5743183578311627,2.752479754751894,3.5562304503294078,0.12390763930587663,3.084985572762034,0.11147170335781573,,False
MORPH.triad_major,MORPH,major triad on C4,C4 E4 G4,mf mf mf,flauta flauta flauta,,1 1 1,0.5,3,3,3,7.0,1.9077235705087667,0.2137588382139519,3.4423979010879058,58.09180500000001,34.500337379511365,0.01937804332565535,0.045630019988763905,1.5448491220845173,0.4467886305133745,1.7250168689755683,0.10687941910697595,,False
MORPH.triad_minor,MORPH,minor triad on C4,C4 D#4 G4,mf mf mf,flauta flauta flauta,,1 1 1,0.5,3,3,3,7.0,1.9077235705087667,0.2137588382139519,3.4566232982888536,60.247123,35.57587114005808,0.019805967288421655,0.04666081977126051,1.5525321379967418,0.4308049365278405,1.7787935570029036,0.10687941910697595,,False
MORPH.triad_dim,MORPH,dim triad on C4,C4 D#4 F#4,mf mf mf,flauta flauta flauta,,1 1 1,0.5,3,3,3,6.0,2.030448077457462,0.22448541600232505,3.687160834112914,61.215267,36.01441535670428,0.021260085951856217,0.05017115640829239,1.5581124472095982,0.42399158366817224,1.8007207678352142,0.11224270800116253,,False
MORPH.triad_aug,MORPH,aug triad on C4,C4 E4 G#4,mf mf mf,flauta flauta flauta,,1 1 1,0.5,3,3,3,8.0,1.7899690561885002,0.20321145310617608,3.2386342957310594,59.29534000000001,35.0654456057747,0.018438965727740144,0.043371490537045684,1.5509577113333886,0.43772002993827164,1.7532722802887348,0.10160572655308803,,False
MORPH.dom7,MORPH,dominant 7th,C4 E4 G4 A#4,mf mf mf mf,flauta flauta flauta flauta,,1 1 1 1,0.5,4,4,4,10.0,3.5652328684559533,0.20254429713747107,7.004619304645591,70.43284200000001,36.6411581904213,0.0422746330164099,0.10223610571870215,1.943666386896579,0.36850363073521863,1.8320579095210652,0.10127214856873554,,False
MORPH.maj9,MORPH,major 9th,C4 E4 G4 B4 D5,mf mf mf mf mf,flauta flauta flauta flauta flauta,,1 1 1 1 1,0.5,5,5,5,14.0,5.259379933620071,0.1835368863791183,10.872900311446749,79.658688,37.82027748060733,0.0677288946924197,0.16876956698238693,2.233500056243111,0.3258245729580683,1.8910138740303664,0.09176844318955915,,False
MORPH.quartal,MORPH,quartal stack,C4 F4 A#4 D#5,mf mf mf mf,flauta flauta flauta flauta,,1 1 1 1,0.5,4,4,4,15.0,2.778481021629215,0.16526812417903688,5.363351635985516,64.109893,34.768737231930395,0.03128101816958747,0.07468458167556899,1.8723184625901221,0.40484793821134596,1.7384368615965198,0.08263406208951844,,False
MORPH.wide_triad,MORPH,wide-spaced triad,C4 E5 G6,mf mf mf,flauta flauta flauta,,1 1 1,0.5,3,3,3,31.0,0.470075880536643,0.06321771694096212,0.7649768103804152,38.856835,27.539048144542196,0.003586772470595338,0.008293047196261059,1.2446583361052506,0.6679586229810021,1.3769524072271098,0.03160885847048106,,False
MORPH.high_cluster,MORPH,high-register cluster,C7 C#7 D7,mf mf mf,flauta flauta flauta,,1 1 1,0.5,3,3,3,2.0,2.628405589149901,0.2732641309127974,4.871258010777438,9.58037,5.5314763390941115,0.01124128540628226,0.026221916455834163,1.5848980481454946,0.3295339324055334,0.27657381695470556,0.1366320654563987,,False
CARD.compact_n1,CARD,compact growth n=1,C4,mf,flauta,,1,0.5,1,1,1,0.0,0.0,0.0,0.0,25.954758,25.954758,0.0,0.0,0.0,1.0,1.2977379,0.0,Fewer than two simultaneous events; interval compactness is zero or unstable.,False
CARD.compact_n2,CARD,compact growth n=2,C4 C#4,mf mf,flauta flauta,,1 1,0.5,2,2,2,1.0,0.9048374180359595,0.2798579136268373,1.3996513427071333,46.491688,33.09705359489669,0.007148988385600404,0.0165973853650981,0.9901818073458435,0.5582666303705729,1.6548526797448346,0.13992895681341866,,False
CARD.compact_n3,CARD,compact growth n=3,C4 C#4 D4,mf mf mf,flauta flauta flauta,,1 1 1,0.5,3,3,3,2.0,2.628405589149901,0.2732641309127974,4.817555013746974,66.934765,38.901598346229854,0.028793389245731667,0.06854640925054238,1.5755757763704257,0.3877619948318337,1.9450799173114928,0.1366320654563987,,False
CARD.compact_n4,CARD,compact growth n=4,C4 C#4 D4 D#4,mf mf mf mf,flauta flauta flauta flauta,,1 1 1 1,0.5,4,4,4,3.0,5.0927919809455595,0.2668896185167445,10.182212180347298,85.496927,43.103227396630494,0.06585522550138906,0.16373802615187225,1.9883575032307845,0.3035753320116406,2.1551613698315246,0.13344480925837224,,False
CARD.compact_n5,CARD,compact growth n=5,C4 C#4 D4 D#4 E4,mf mf mf mf mf,flauta flauta flauta flauta flauta,,1 1 1 1 1,0.5,5,5,5,4.0,8.22749841877686,0.2607270692326315,17.372690446018215,101.903771,46.120198850893665,0.11560923209120151,0.30499615502026195,2.3049297590660887,0.2546987000117984,2.3060099425446836,0.13036353461631575,,False
CARD.compact_n6,CARD,compact growth n=6,C4 C#4 D4 D#4 E4 F4,mf mf mf mf mf mf,flauta flauta flauta flauta flauta flauta,,1 1 1 1 1 1,0.5,6,6,6,5.0,11.968735516320793,0.2547693250999043,26.31223134673216,119.79733200000001,49.469710604638614,0.17633920145589732,0.5008566072108797,2.5689029142109803,0.21665555957456548,2.4734855302319305,0.12738466254995215,,False
CARD.compact_n7,CARD,compact growth n=7,C4 C#4 D4 D#4 E4 F4 F#4,mf mf mf mf mf mf mf,flauta flauta flauta flauta flauta flauta flauta,,1 1 1 1 1 1 1,0.5,7,7,7,6.0,16.25878424995875,0.24900938507621384,36.8426185090773,136.495679,52.211943651228914,0.2426871661729893,0.7485866815349853,2.7906721868505007,0.19015076660412086,2.6105971825614454,0.12450469253810692,,False
CARD.wide_n2,CARD,wide growth n=2,C4 C5,mf mf,flauta flauta,,1 1,0.5,2,2,2,12.0,0.301194211912202,0.11434212274678003,0.4164182160684099,36.652396,28.072921501290317,0.001899971292270346,0.004384429182103748,0.8711212357168183,1.0,1.4036460750645157,0.057171061373390016,,False
CARD.wide_n3,CARD,wide growth n=3,C4 C5 E6,mf mf mf,flauta flauta flauta,,1 1 1,0.5,3,3,3,28.0,0.5639007925320754,0.07480435146011445,0.8932379991722009,41.407657,28.472819122730524,0.004319786686459616,0.009996309038492114,1.2854263816835505,0.885159863065906,1.4236409561365262,0.037402175730057226,,False
CARD.farbass_0,CARD,far-bass base (5 WW),C4 D4 E4 F4 A#4,mf mf mf mf mf,flauta flauta flauta flauta flauta,,1 1 1 1 1,0.5,5,5,5,10.0,6.532518551717237,0.21833901871331884,13.693417192454332,93.039277,42.81628322966531,0.08980219230096542,0.22970854904445412,2.2796548136700316,0.27896560288188826,2.1408141614832656,0.10916950935665942,,False
CARD.farbass_E1,CARD,far-bass +E1 (STR_LO),C4 D4 E4 F4 A#4 E1,mf mf mf mf mf mf,flauta flauta flauta flauta flauta double_bass,,1 1 1 1 1 1,0.5,6,6,6,42.0,6.673696851394038,0.1598417355695015,13.486844002336039,161.186245,80.48132303333453,0.11320359021000084,0.29778751014454213,2.298580568527329,0.5245721308291535,4.024066151666727,0.07992086778475074,,False
INST.homogeneous,INST,3x WW_HI triad,C4 E4 G4,mf mf mf,flauta flauta flauta,,1 1 1,0.5,3,3,3,7.0,1.9077235705087667,0.2137588382139519,3.4423979010879058,58.09180500000001,34.500337379511365,0.01937804332565535,0.045630019988763905,1.5448491220845173,0.4467886305133745,1.7250168689755683,0.10687941910697595,,False
INST.contrasting,INST,WW_HI + STR_LO extremes,C6 C2,mf mf,flauta double_bass,,1 1,0.5,2,2,2,48.0,0.008229747049020023,0.0035595068183171628,0.01001079907172976,45.086333,39.91425815695445,5.076709170178395e-05,0.00011690238111805556,0.5389157163002327,1.0,1.9957129078477225,0.0017797534091585814,,False
INST.mixed_ww,INST,WW hi/mid/lo,C6 C4 C2,mf mf mf,flauta clarinete fagote,,1 1 1,0.5,3,3,3,48.0,0.18966565362784496,0.026623907210711117,0.27688858223955687,86.538838,66.06205115599586,0.0019411366705645733,0.004479636066569912,1.0493090865214294,1.0,3.303102557799793,0.013311953605355559,,False
INST.timbre_iso_ww,INST,triad as 3x WW_HI (timbre iso A),C4 E4 G4,mf mf mf,flauta flauta flauta,,1 1 1,0.5,3,3,3,7.0,1.9077235705087667,0.2137588382139519,3.4423979010879058,58.09180500000001,34.500337379511365,0.01937804332565535,0.045630019988763905,1.5448491220845173,0.4467886305133745,1.7250168689755683,0.10687941910697595,,False
INST.timbre_iso_mixed,INST,triad as WW_HI/STR_HI/WW_LO (timbre iso B),C4 E4 G4,mf mf mf,flauta violino fagote,,1 1 1,0.5,3,3,3,7.0,1.9077235705087667,0.2137588382139519,3.455890455779305,75.518478,46.3989108674108,0.022110615801811024,0.05222984505310042,1.4843022776635508,0.3436875144650029,2.31994554337054,0.10687941910697595,,False
INST.string_choir,INST,string choir hi/hi/lo,C5 G4 C2,mf mf mf,violino violino double_bass,,1 1 1,0.5,3,3,3,36.0,0.6789035845534838,0.08859715141940692,1.1724816719746032,84.781348,51.548101924731526,0.008078434526627385,0.018775364483735534,1.5035212879551367,0.6628637350753139,2.577405096236576,0.04429857570970346,,False
INST.brass_triad,INST,triad as 3x BRASS,C4 E4 G4,mf mf mf,trompete trompete trompete,,1 1 1,0.5,3,3,3,7.0,1.9077235705087667,0.2137588382139519,3.4968476413231797,82.333333,47.91831953497031,0.023327336317072657,0.0551819081622776,1.5732094049527854,0.38440481937006,2.3959159767485154,0.10687941910697595,,False
INST.ww_triad_ref,INST,triad as 3x WW_HI (brass ref),C4 E4 G4,mf mf mf,flauta flauta flauta,,1 1 1,0.5,3,3,3,7.0,1.9077235705087667,0.2137588382139519,3.4423979010879058,58.09180500000001,34.500337379511365,0.01937804332565535,0.045630019988763905,1.5448491220845173,0.4467886305133745,1.7250168689755683,0.10687941910697595,,False
QTY.q1,QTY,triad Qty=1 each,C4 E4 G4,mf mf mf,flauta flauta flauta,,1 1 1,0.5,3,3,3,7.0,1.9077235705087667,0.2137588382139519,3.4423979010879058,58.09180500000001,34.500337379511365,0.01937804332565535,0.045630019988763905,1.5448491220845173,0.4467886305133745,1.7250168689755683,0.10687941910697595,,False
QTY.q2,QTY,triad Qty=2 each,C4 E4 G4,mf mf mf,flauta flauta flauta,,2 2 2,0.5,3,3,6,7.0,1.9077235705087667,0.2137588382139519,3.4423979010879058,116.18361000000002,48.79084502855242,0.02715814696931512,0.06453059311946534,1.5448491220845173,0.4467886305133745,2.4395422514276213,0.10687941910697595,,False
QTY.q4,QTY,triad Qty=4 each,C4 E4 G4,mf mf mf,flauta flauta flauta,,4 4 4,0.5,3,3,12,7.0,1.9077235705087667,0.2137588382139519,3.4423979010879058,232.36722000000003,69.00067475902273,0.037928252394524686,0.09126003997752781,1.5448491220845173,0.4467886305133745,3.4500337379511365,0.10687941910697595,,False
QTY.q8,QTY,triad Qty=8 each,C4 E4 G4,mf mf mf,flauta flauta flauta,,8 8 8,0.5,3,3,24,7.0,1.9077235705087667,0.2137588382139519,3.4423979010879058,464.73444000000006,97.58169005710484,0.0527174779089389,0.12906118623893068,1.5448491220845173,0.4467886305133745,4.8790845028552425,0.10687941910697595,,False
QTY.rowsplit_single,QTY,one event Qty=3 (unison),C4,mf,flauta,,3,0.5,1,1,3,0.0,0.0,0.0,0.0,77.86427400000001,44.95495955415478,0.0,0.0,0.0,1.0,2.247747977707739,0.0,Fewer than two simultaneous events; interval compactness is zero or unstable.,False
QTY.rowsplit_split,QTY,three events Qty=1 (unison),C4 C4 C4,mf mf mf,flauta flauta flauta,,1 1 1,0.5,3,1,3,0.0,0.0,0.0,0.0,77.86427400000001,44.95495955415478,0.0,0.0,0.0,1.0,2.247747977707739,0.0,,False
QTY.unison_multi_timbre,QTY,unison C4 across 3 timbres Qty1,C4 C4 C4,mf mf mf,flauta clarinete violino,,1 1 1,0.5,3,1,3,0.0,0.0,0.0,0.0,66.85541599999999,39.07924792036579,0.0,0.0,0.0,1.0,1.9539623960182895,0.0,,False
DYN.uniform_pppp,DYN,triad uniform pppp,C4 E4 G4,pppp pppp pppp,flauta flauta flauta,,1 1 1,0.5,3,3,3,7.0,1.9077235705087667,0.2137588382139519,3.552362508041304,36.486436237952525,21.196801232434026,0.01591179876341437,0.03731772468294905,1.575922708425443,0.2881254868639349,1.0598400616217014,0.10687941910697595,"Instrument 'flauta' dynamic 'pppp' at event evt_0 pitch 'C4' is outside measured support ('pp', 'mf', 'ff'); boundary 'pp', s(m)=0.241006, γ=0.5, value=10.5127. saturating register-adaptive tail; differentiation derived from local measured pp/mf/ff spread. | Instrument 'flauta' dynamic 'pppp' at event evt_1 pitch 'E4' is outside measured support ('pp', 'mf', 'ff'); boundary 'pp', s(m)=0.0805468, γ=0.5, value=12.1296. saturating register-adaptive tail; differentiation derived from local measured pp/mf/ff spread. | Instrument 'flauta' dynamic 'pppp' at event evt_2 pitch 'G4' is outside measured support ('pp', 'mf', 'ff'); boundary 'pp', s(m)=0.0340582, γ=0.5, value=13.8442. saturating register-adaptive tail; differentiation derived from local measured pp/mf/ff spread.",False
DYN.uniform_pp,DYN,triad uniform pp,C4 E4 G4,pp pp pp,flauta flauta flauta,,1 1 1,0.5,3,3,3,7.0,1.9077235705087667,0.2137588382139519,3.5410183549413445,39.682741,22.94283833875602,0.01652930565028572,0.0387936965614382,1.582966804581059,0.3174038809466312,1.147141916937801,0.10687941910697595,,False
DYN.uniform_mp,DYN,triad uniform mp,C4 E4 G4,mp mp mp,flauta flauta flauta,,1 1 1,0.5,3,3,3,7.0,1.9077235705087667,0.2137588382139519,3.457019548360296,54.43689102405658,32.11580124244432,0.018849767022089303,0.04435888769890447,1.5543674149730204,0.43240327459853606,1.605790062122216,0.10687941910697595,,False
DYN.uniform_mf,DYN,triad uniform mf,C4 E4 G4,mf mf mf,flauta flauta flauta,,1 1 1,0.5,3,3,3,7.0,1.9077235705087667,0.2137588382139519,3.4423979010879058,58.09180500000001,34.500337379511365,0.01937804332565535,0.045630019988763905,1.5448491220845173,0.4467886305133745,1.7250168689755683,0.10687941910697595,,False
DYN.uniform_ff,DYN,triad uniform ff,C4 E4 G4,ff ff ff,flauta flauta flauta,,1 1 1,0.5,3,3,3,7.0,1.9077235705087667,0.2137588382139519,3.5031006513282215,62.324275,36.17838505366641,0.02040126680021597,0.04809649056709633,1.5771387753188613,0.3781040052210796,1.8089192526833207,0.10687941910697595,,False
DYN.uniform_ffff,DYN,triad uniform ffff,C4 E4 G4,ffff ffff ffff,flauta flauta flauta,,1 1 1,0.5,3,3,3,7.0,1.9077235705087667,0.2137588382139519,3.514352037519522,65.15915584915936,37.74399871875095,0.020914629421355795,0.04933613720198125,1.5801224896754813,0.3616538258192309,1.8871999359375478,0.10687941910697595,"Instrument 'flauta' dynamic 'ffff' at event evt_0 pitch 'C4' is outside measured support ('pp', 'mf', 'ff'); boundary 'ff', s(m)=0, γ=0.5, value=23.5651. saturating register-adaptive tail; differentiation derived from local measured pp/mf/ff spread. | Instrument 'flauta' dynamic 'ffff' at event evt_1 pitch 'E4' is outside measured support ('pp', 'mf', 'ff'); boundary 'ff', s(m)=0.110894, γ=0.5, value=22.257. saturating register-adaptive tail; differentiation derived from local measured pp/mf/ff spread. | Instrument 'flauta' dynamic 'ffff' at event evt_2 pitch 'G4' is outside measured support ('pp', 'mf', 'ff'); boundary 'ff', s(m)=0.0750699, γ=0.5, value=19.3371. saturating register-adaptive tail; differentiation derived from local measured pp/mf/ff spread. | Instrument 'flauta' pitch 'C4' has inverted measured anchors ff<mf (mf=25.9548, ff=23.5651); loud-tail step clamped to 0.",False
DYN.mixed,DYN,"triad [pp,mf,ff]",C4 E4 G4,pp mf ff,flauta flauta flauta,,1 1 1,0.5,3,3,3,7.0,1.9077235705087667,0.2137588382139519,3.5590417523190117,47.280742,27.603106416409656,0.018101293459536993,0.04256056453841936,1.5683084665821831,0.2663971728700874,1.3801553208204829,0.10687941910697595,,False
DYN.contrast,DYN,"triad [ffff,pppp,ffff]",C4 E4 G4,ffff pppp ffff,flauta flauta flauta,,1 1 1,0.5,3,3,3,7.0,1.9077235705087667,0.2137588382139519,3.445783741764198,55.03173317090268,32.807952755122635,0.018889995202125566,0.0444556298979395,1.5350357015617644,0.42820853791426144,1.6403976377561316,0.10687941910697595,"Instrument 'flauta' dynamic 'ffff' at event evt_0 pitch 'C4' is outside measured support ('pp', 'mf', 'ff'); boundary 'ff', s(m)=0, γ=0.5, value=23.5651. saturating register-adaptive tail; differentiation derived from local measured pp/mf/ff spread. | Instrument 'flauta' dynamic 'ffff' at event evt_2 pitch 'G4' is outside measured support ('pp', 'mf', 'ff'); boundary 'ff', s(m)=0.0750699, γ=0.5, value=19.3371. saturating register-adaptive tail; differentiation derived from local measured pp/mf/ff spread. | Instrument 'flauta' dynamic 'pppp' at event evt_1 pitch 'E4' is outside measured support ('pp', 'mf', 'ff'); boundary 'pp', s(m)=0.0805468, γ=0.5, value=12.1296. saturating register-adaptive tail; differentiation derived from local measured pp/mf/ff spread. | Instrument 'flauta' pitch 'C4' has inverted measured anchors ff<mf (mf=25.9548, ff=23.5651); loud-tail step clamped to 0.",False
EDO.12_scale,EDO,"12-EDO scale fragment [0,1,2,3]",C4 C#4 D4 D#4,mf mf mf mf,flauta flauta flauta flauta,,1 1 1 1,0.5,4,4,4,3.0,5.0927919809455595,0.2668896185167445,10.182212180347298,85.496927,43.103227396630494,0.06585522550138906,0.16373802615187225,1.9883575032307845,0.3035753320116406,2.1551613698315246,0.13344480925837224,,False
EDO.12_cluster,EDO,"12-EDO cluster [0,1,2]",C4 C#4 D4,mf mf mf,flauta flauta flauta,,1 1 1,0.5,3,3,3,2.0,2.628405589149901,0.2732641309127974,4.817555013746974,66.934765,38.901598346229854,0.028793389245731667,0.06854640925054238,1.5755757763704257,0.3877619948318337,1.9450799173114928,0.1366320654563987,,False
EDO.19_scale,EDO,"19-EDO scale fragment [0,1,2,3]",C4 C#4-36.842105263158231c C#4+26.315789473684248c D4-10.526315789473983c,mf mf mf mf,flauta flauta flauta flauta,,1 1 1 1,0.5,4,4,4,1.8947368421052602,5.406453155728445,0.27899937086535176,10.838337629390056,89.14592087993347,44.796494958390376,0.07113404411340397,0.17796949531987155,1.992928035927751,0.29114913777106266,2.239824747919519,0.13949968543267588,,False
EDO.19_cluster,EDO,"19-EDO cluster [0,1,2]",C4 C#4-36.842105263158231c C#4+26.315789473684248c,mf mf mf,flauta flauta flauta,,1 1 1,0.5,3,3,3,1.2631578947368425,2.7589269483691883,0.2832203148466434,5.067120220422089,68.68670625885119,39.85155577446867,0.030613797764946764,0.07303477727143524,1.577922043492221,0.3778716350466345,1.9925777887234335,0.1416101574233217,,False
EDO.24_scale,EDO,"24-EDO scale fragment [0,1,2,3]",C4 C4+50c C#4 D4-50c,mf mf mf mf,flauta flauta flauta flauta,,1 1 1 1,0.5,4,4,4,1.5,5.524071085999119,0.28345467816971087,11.080207106025595,90.24988363348898,45.350501015232105,0.07300830282993598,0.18306417329722305,1.9928681582322108,0.2875877170701302,2.267525050761605,0.14172733908485544,,False
EDO.24_cluster,EDO,"24-EDO cluster [0,1,2]",C4 C4+50c C#4,mf mf mf,flauta flauta flauta,,1 1 1,0.5,3,3,3,1.0,2.8072962670373878,0.2868527279965252,5.161236684901096,69.76059571737062,40.45808971050134,0.03139658904624809,0.07497060595568152,1.5784190452867193,0.3720547070032715,2.022904485525067,0.1434263639982626,,False
EDO.31_scale,EDO,"31-EDO scale fragment [0,1,2,3]",C4 C4+38.70967741935516c C#4-22.580645161290391c C#4+16.129032258064768c,mf mf mf mf,flauta flauta flauta flauta,,1 1 1 1,0.5,4,4,4,1.1612903225806477,5.627453550805849,0.28733336288965444,11.297735914126307,91.89873491694657,46.15863434494738,0.07494638599527248,0.18835551493273361,1.9934421734525336,0.28242780516463695,2.307931717247369,0.14366668144482722,,False
EDO.31_cluster,EDO,"31-EDO cluster [0,1,2]",C4 C4+38.70967741935516c C#4-22.580645161290391c,mf mf mf,flauta flauta flauta,,1 1 1,0.5,3,3,3,0.7741935483870961,2.8495615938771732,0.2900020635856569,5.247811616505957,71.38537504210379,41.34998901131348,0.032260366604521105,0.07711076552128193,1.5801631551704787,0.36358649071594334,2.0674994505656743,0.14500103179282844,,False
EDO.53_scale,EDO,"53-EDO scale fragment [0,1,2,3]",C4 C4+22.64150943396217c C4+45.283018867924341c C#4-32.075471698113489c,mf mf mf mf,flauta flauta flauta flauta,,1 1 1 1,0.5,4,4,4,0.6792452830188651,5.778623553921755,0.29294329152215765,11.15868345850738,96.73700284011232,48.47054646574215,0.07586495642672081,0.19087164972084306,1.9969255696614374,0.529367094827175,2.4235273232871077,0.14647164576107882,,False
EDO.53_cluster,EDO,"53-EDO cluster [0,1,2]",C4 C4+22.64150943396217c C4+45.283018867924341c,mf mf mf,flauta flauta flauta,,1 1 1,0.5,3,3,3,0.4528301886792434,2.9109527267088646,0.29453623134017426,5.092037695418375,74.85813180779115,43.25169218699688,0.03206252228219314,0.0766201958123539,1.5838763927618238,0.684085815649872,2.1625846093498438,0.14726811567008713,,False
EDO.72_scale,EDO,"72-EDO scale fragment [0,1,2,3]",C4 C4+16.66666666666643c C4+33.33333333333357c C4+50c,mf mf mf mf,flauta flauta flauta flauta,,1 1 1 1,0.5,4,4,4,0.5,5.836075986929577,0.2950564942595885,11.292789163986855,99.34517749754777,49.715876986019865,0.07764120799914839,0.19575225346787625,1.998733322249612,0.5185200506330696,2.4857938493009932,0.14752824712979426,,False
EDO.72_cluster,EDO,"72-EDO cluster [0,1,2]",C4 C4+16.66666666666643c C4+33.33333333333357c,mf mf mf,flauta flauta flauta,,1 1 1,0.5,3,3,3,0.3333333333333357,2.93415900812524,0.29623792450857644,5.139326073708677,76.07626978017714,43.93434144413172,0.03260200228321074,0.07795840290869076,1.5845771467441587,0.6771160917198669,2.196717072206586,0.14811896225428822,,False
EDO.12_spread,EDO,12-EDO spread reference,C4 E5 G6,mf mf mf,flauta flauta flauta,,1 1 1,0.5,3,3,3,31.0,0.470075880536643,0.06321771694096212,0.7649768103804152,38.856835,27.539048144542196,0.003586772470595338,0.008293047196261059,1.2446583361052506,0.6679586229810021,1.3769524072271098,0.03160885847048106,,False
EDO.detune_0c,EDO,detune sweep C4 vs +0c,C4 C4,mf mf,flauta flauta,,1 1,0.5,2,1,2,0.0,0.0,0.0,0.0,51.909516,36.70557077171159,0.0,0.0,0.0,1.0,1.8352785385855797,0.0,,False
EDO.detune_10c,EDO,detune sweep C4 vs +10c,C4 C4+10.000000000000142c,mf mf,flauta flauta,,1 1,0.5,2,2,2,0.10000000000000142,0.9900498337491679,0.29886395191286935,1.4248525214752588,51.759477403650685,36.599631232291266,0.007674295628607901,0.017827769566921992,0.9999939386219618,1.0,1.8299815616145632,0.14943197595643468,,False
EDO.detune_25c,EDO,detune sweep C4 vs +25c,C4 C4+25c,mf mf,flauta flauta,,1 1,0.5,2,2,2,0.25,0.9753099120283326,0.29563524301305166,1.4035612561683295,51.07162926901398,36.117955163364165,0.007510640284626683,0.017444293424002985,0.9998058330862689,1.0,1.805897758168208,0.14781762150652583,,False
EDO.detune_50c,EDO,detune sweep C4 vs +50c,C4 C4+50c,mf mf,flauta flauta,,1 1,0.5,2,2,2,0.5,0.951229424500714,0.29030833650716026,1.4822459644540087,49.22366571737062,34.858163020992286,0.007784409982106914,0.018085870144245914,0.9978512992162355,0.5272821034708267,1.7429081510496145,0.14515416825358013,,False
EDO.detune_100c,EDO,detune sweep C4 vs +100c,C4 C#4,mf mf,flauta flauta,,1 1,0.5,2,2,2,1.0,0.9048374180359595,0.2798579136268373,1.3996513427071333,46.491688,33.09705359489669,0.007148988385600404,0.0165973853650981,0.9901818073458435,0.5582666303705729,1.6548526797448346,0.13992895681341866,,False
EDO.near_unison_0p5c,EDO,near-unison C4 vs +0.5c,C4 C4+0.500000000000256c,mf mf,flauta flauta,,1 1,0.5,2,2,2,0.005000000000002558,0.9995001249791691,0.30092143561520773,1.4384556957728936,51.90911560703676,36.705287652224044,0.007758003932005602,0.01802397018847921,0.999999999957083,1.0,1.8352643826112023,0.15046071780760387,,False
WEIGHT.w0.0,WEIGHT,weight sweep w=0.0,C6 C4 C2,mf mf mf,flauta violino double_bass,,1 1 1,0.0,3,3,3,48.0,0.18966565362784496,0.026623907210711117,0.29416334622488083,68.461234,46.25509702702835,0.0018344666846413769,0.004232949370027161,1.281095357068227,1.0,0.0,0.026623907210711117,,False
WEIGHT.w0.25,WEIGHT,weight sweep w=0.25,C6 C4 C2,mf mf mf,flauta violino double_bass,,1 1 1,0.25,3,3,3,48.0,0.18966565362784496,0.026623907210711117,0.29416334622488083,68.461234,46.25509702702835,0.0018344666846413769,0.004232949370027161,1.281095357068227,1.0,1.1563774256757087,0.019967930408033338,,False
WEIGHT.w0.5,WEIGHT,weight sweep w=0.5,C6 C4 C2,mf mf mf,flauta violino double_bass,,1 1 1,0.5,3,3,3,48.0,0.18966565362784496,0.026623907210711117,0.29416334622488083,68.461234,46.25509702702835,0.0018344666846413769,0.004232949370027161,1.281095357068227,1.0,2.3127548513514173,0.013311953605355559,,False
WEIGHT.w0.75,WEIGHT,weight sweep w=0.75,C6 C4 C2,mf mf mf,flauta violino double_bass,,1 1 1,0.75,3,3,3,48.0,0.18966565362784496,0.026623907210711117,0.29416334622488083,68.461234,46.25509702702835,0.0018344666846413769,0.004232949370027161,1.281095357068227,1.0,3.469132277027126,0.006655976802677779,,False
WEIGHT.w1.0,WEIGHT,weight sweep w=1.0,C6 C4 C2,mf mf mf,flauta violino double_bass,,1 1 1,1.0,3,3,3,48.0,0.18966565362784496,0.026623907210711117,0.29416334622488083,68.461234,46.25509702702835,0.0018344666846413769,0.004232949370027161,1.281095357068227,1.0,4.625509702702835,0.0,,False
EDGE.two_note_min,EDGE,two-note minimum,C4 C#4,mf mf,flauta flauta,,1 1,0.5,2,2,2,1.0,0.9048374180359595,0.2798579136268373,1.3996513427071333,46.491688,33.09705359489669,0.007148988385600404,0.0165973853650981,0.9901818073458435,0.5582666303705729,1.6548526797448346,0.13992895681341866,,False
EDGE.single,EDGE,single pitch,C4,mf,flauta,,1,0.5,1,1,1,0.0,0.0,0.0,0.0,25.954758,25.954758,0.0,0.0,0.0,1.0,1.2977379,0.0,Fewer than two simultaneous events; interval compactness is zero or unstable.,False
MONO.octave_base,MONO,7-note cluster (mf) — octave-probe base,C4 C#4 D4 D#4 E4 F4 F#4,mf mf mf mf mf mf mf,flauta flauta flauta flauta flauta flauta flauta,,1 1 1 1 1 1 1,0.5,7,7,7,6.0,16.25878424995875,0.24900938507621384,36.8426185090773,136.495679,52.211943651228914,0.2426871661729893,0.7485866815349853,2.7906721868505007,0.19015076660412086,2.6105971825614454,0.12450469253810692,,False
MONO.octave_add,MONO,"cluster + octave C6 at pppp (min mass, max fusion)",C4 C#4 D4 D#4 E4 F4 F#4 C6,mf mf mf mf mf mf mf pppp,flauta flauta flauta flauta flauta flauta flauta flauta,,1 1 1 1 1 1 1 1,0.5,8,8,8,24.0,17.133223424267115,0.2073383206884457,39.188795407169465,142.05388618587727,52.50695884318802,0.25823196218448186,0.812307810721599,2.9197574887974547,0.22183810687616548,2.6253479421594013,0.10366916034422285,"Instrument 'flauta' dynamic 'pppp' at event evt_7 pitch 'C6' is outside measured support ('pp', 'mf', 'ff'); boundary 'pp', s(m)=0.000154193, γ=0.5, value=5.55821. saturating register-adaptive tail; differentiation derived from local measured pp/mf/ff spread.",False
MONO.twelfth_base,MONO,7-note cluster (mf) — twelfth-probe base,C4 C#4 D4 D#4 E4 F4 F#4,mf mf mf mf mf mf mf,flauta flauta flauta flauta flauta flauta flauta,,1 1 1 1 1 1 1,0.5,7,7,7,6.0,16.25878424995875,0.24900938507621384,36.8426185090773,136.495679,52.211943651228914,0.2426871661729893,0.7485866815349853,2.7906721868505007,0.19015076660412086,2.6105971825614454,0.12450469253810692,,False
MONO.twelfth_add,MONO,cluster + perfect twelfth G5 at pppp,C4 C#4 D4 D#4 E4 F4 F#4 G5,mf mf mf mf mf mf mf pppp,flauta flauta flauta flauta flauta flauta flauta flauta,,1 1 1 1 1 1 1 1,0.5,8,8,8,19.0,17.70049071657441,0.21276283206146598,40.73844778407859,142.15634694184632,52.51790381752636,0.2659336540433578,0.8447335828483276,2.921013934645603,0.18257896012632935,2.6258951908763177,0.106381416030733,"Instrument 'flauta' dynamic 'pppp' at event evt_7 pitch 'G5' is outside measured support ('pp', 'mf', 'ff'); boundary 'pp', s(m)=0.188087, γ=0.5, value=5.66067. saturating register-adaptive tail; differentiation derived from local measured pp/mf/ff spread.",False
MONO.farbass_base,MONO,5 WW (mf) — far-bass regression base,C4 D4 E4 F4 A#4,mf mf mf mf mf,flauta flauta flauta flauta flauta,,1 1 1 1 1,0.5,5,5,5,10.0,6.532518551717237,0.21833901871331884,13.693417192454332,93.039277,42.81628322966531,0.08980219230096542,0.22970854904445412,2.2796548136700316,0.27896560288188826,2.1408141614832656,0.10916950935665942,,False
MONO.farbass_add,MONO,"far-bass +E1 (STR_LO, mf) — mass-bearing add",C4 D4 E4 F4 A#4 E1,mf mf mf mf mf mf,flauta flauta flauta flauta flauta double_bass,,1 1 1 1 1 1,0.5,6,6,6,42.0,6.673696851394038,0.1598417355695015,13.486844002336039,161.186245,80.48132303333453,0.11320359021000084,0.29778751014454213,2.298580568527329,0.5245721308291535,4.024066151666727,0.07992086778475074,,False
REG.cluster3_C2,REG,3-note chromatic cluster shape rooted at C2,C2 C#2 D2,mf mf mf,contrabaixo contrabaixo contrabaixo,C2:contrabaixo C#2:contrabaixo D2:contrabaixo,1 1 1,0.5,3,3,3,2.0,2.628405589149901,0.2732641309127974,4.843119129961859,108.998918,63.05743362412126,0.03660348479051708,0.08793634297852701,1.5820831422417556,0.3626174619458149,3.1528716812060633,0.1366320654563987,,False
REG.cluster3_C3,REG,3-note chromatic cluster shape rooted at C3,C3 C#3 D3,mf mf mf,fagote fagote fagote,C3:fagote C#3:fagote D3:fagote,1 1 1,0.5,3,3,3,2.0,2.628405589149901,0.2732641309127974,4.861664951079829,74.795336,43.1916868857046,0.03064953299917181,0.0731230738727588,1.5846760504944069,0.3417351450897954,2.15958434428523,0.1366320654563987,,False
REG.cluster3_C4,REG,3-note chromatic cluster shape rooted at C4,C4 C#4 D4,mf mf mf,clarinete clarinete clarinete,C4:clarinete C#4:clarinete D4:clarinete,1 1 1,0.5,3,3,3,2.0,2.628405589149901,0.2732641309127974,4.854952873857293,50.372368,29.128471679613984,0.025275436289944334,0.05992573337972803,1.5826485279251195,0.34792402453662685,1.4564235839806992,0.1366320654563987,,False
REG.cluster3_C7,REG,3-note chromatic cluster shape rooted at C7,C7 C#7 D7,mf mf mf,flauta flauta flauta,C7:flauta C#7:flauta D7:flauta,1 1 1,0.5,3,3,3,2.0,2.628405589149901,0.2732641309127974,4.871258010777438,9.58037,5.5314763390941115,0.01124128540628226,0.026221916455834163,1.5848980481454946,0.3295339324055334,0.27657381695470556,0.1366320654563987,,False
REG.triad_C3,REG,"open triad shape (root,+16,+31) rooted at C3",C3 E4 G5,mf mf mf,fagote clarinete flauta,C3:fagote E4:clarinete G5:flauta,1 1 1,0.5,3,3,3,31.0,0.470075880536643,0.06321771694096212,0.8349988717125298,52.139576000000005,31.831593163407483,0.004530217206345388,0.010485805349346632,1.5025061180697303,0.4902263685458431,1.5915796581703743,0.03160885847048106,,False
REG.triad_C5,REG,"open triad shape (root,+16,+31) rooted at C5",C5 E6 G7,mf mf mf,flauta flauta violino,C5:flauta E6:flauta G7:violino,1 1 1,0.5,3,3,3,31.0,0.470075880536643,0.06321771694096212,0.8348437550378042,21.817911,13.325364674833818,0.002935349046155066,0.0067817838075895955,1.5016833751296597,0.4903144943619946,0.6662682337416909,0.03160885847048106,,False
BIMODAL.low,BIMODAL,low cluster stratum alone,C2 C#2 D2,mf mf mf,contrabaixo contrabaixo contrabaixo,C2:contrabaixo C#2:contrabaixo D2:contrabaixo,1 1 1,0.5,3,3,3,2.0,2.628405589149901,0.2732641309127974,4.843119129961859,108.998918,63.05743362412126,0.03660348479051708,0.08793634297852701,1.5820831422417556,0.3626174619458149,3.1528716812060633,0.1366320654563987,,False
BIMODAL.high,BIMODAL,high cluster stratum alone,C7 C#7 D7,mf mf mf,flauta flauta flauta,C7:flauta C#7:flauta D7:flauta,1 1 1,0.5,3,3,3,2.0,2.628405589149901,0.2732641309127974,4.871258010777438,9.58037,5.5314763390941115,0.01124128540628226,0.026221916455834163,1.5848980481454946,0.3295339324055334,0.27657381695470556,0.1366320654563987,,False
BIMODAL.combined,BIMODAL,low + high strata (6 notes),C2 C#2 D2 C7 C#7 D7,mf mf mf mf mf mf,contrabaixo contrabaixo contrabaixo flauta flauta flauta,C2:contrabaixo C#2:contrabaixo D2:contrabaixo C7:flauta C#7:flauta D7:flauta,1 1 1 1 1 1,0.5,6,6,6,62.0,5.279269045287981,0.13096103799028044,10.459732984917832,118.57928799999999,63.299582666479054,0.07848855386373925,0.19808754633470932,1.987277607025025,0.3599445461335542,3.164979133323953,0.06548051899514022,,False
BIMODAL.combined_bridge,BIMODAL,low + high strata + mid bridge G4,C2 C#2 D2 C7 C#7 D7 G4,mf mf mf mf mf mf mf,contrabaixo contrabaixo contrabaixo flauta flauta flauta clarinete,C2:contrabaixo C#2:contrabaixo D2:contrabaixo C7:flauta C#7:flauta D7:flauta G4:clarinete,1 1 1 1 1 1 1,0.5,7,7,7,62.0,5.578988026923638,0.10231914678289605,11.556052866131061,130.656986,64.44150801098326,0.0898079523274585,0.22972485871701126,2.248133527299777,0.32667191634131226,3.2220754005491625,0.05115957339144803,,False
DENSPARSE.dense_soft,DENSPARSE,"7-note cluster from C5, all pppp",C5 C#5 D5 D#5 E5 F5 F#5,pppp pppp pppp pppp pppp pppp pppp,flauta flauta flauta flauta flauta flauta flauta,C5:flauta C#5:flauta D5:flauta D#5:flauta E5:flauta F5:flauta F#5:flauta,1 1 1 1 1 1 1,0.5,7,7,7,6.0,16.25878424995875,0.24900938507621384,37.010277291899286,42.73134643927626,16.27131269634646,0.1525187481208376,0.42075354425007905,2.796543167133072,0.16499198601797335,0.813565634817323,0.12450469253810692,"Instrument 'flauta' dynamic 'pppp' at event evt_0 pitch 'C5' is outside measured support ('pp', 'mf', 'ff'); boundary 'pp', s(m)=0.111186, γ=0.5, value=7.05033. saturating register-adaptive tail; differentiation derived from local measured pp/mf/ff spread. | Instrument 'flauta' dynamic 'pppp' at event evt_1 pitch 'C#5' is outside measured support ('pp', 'mf', 'ff'); boundary 'pp', s(m)=0.069395, γ=0.5, value=7.09965. saturating register-adaptive tail; differentiation derived from local measured pp/mf/ff spread. | Instrument 'flauta' dynamic 'pppp' at event evt_2 pitch 'D5' is outside measured support ('pp', 'mf', 'ff'); boundary 'pp', s(m)=0.121729, γ=0.5, value=5.60176. saturating register-adaptive tail; differentiation derived from local measured pp/mf/ff spread. | Instrument 'flauta' dynamic 'pppp' at event evt_3 pitch 'D#5' is outside measured support ('pp', 'mf', 'ff'); boundary 'pp', s(m)=0.0683358, γ=0.5, value=6.13003. saturating register-adaptive tail; differentiation derived from local measured pp/mf/ff spread. | Instrument 'flauta' dynamic 'pppp' at event evt_4 pitch 'E5' is outside measured support ('pp', 'mf', 'ff'); boundary 'pp', s(m)=0.0345909, γ=0.5, value=6.43144. saturating register-adaptive tail; differentiation derived from local measured pp/mf/ff spread. | Instrument 'flauta' dynamic 'pppp' at event evt_5 pitch 'F5' is outside measured support ('pp', 'mf', 'ff'); boundary 'pp', s(m)=0.0968215, γ=0.5, value=5.37377. saturating register-adaptive tail; differentiation derived from local measured pp/mf/ff spread. | Instrument 'flauta' dynamic 'pppp' at event evt_6 pitch 'F#5' is outside measured support ('pp', 'mf', 'ff'); boundary 'pp', s(m)=0.134104, γ=0.5, value=5.04437. saturating register-adaptive tail; differentiation derived from local measured pp/mf/ff spread.",False
DENSPARSE.sparse_loud,DENSPARSE,"wide trio [C2,E4,C7], all ffff",C2 E4 C7,ffff ffff ffff,contrabaixo clarinete flauta,C2:contrabaixo E4:clarinete C7:flauta,1 1 1,0.5,3,3,3,60.0,0.10405101878025053,0.014807596072881873,0.1524078125321275,87.00241892885326,68.94697273099037,0.0010723907381008694,0.0024723220877359673,0.9582354627783425,0.8265437767616456,3.4473486365495183,0.007403798036440937,"Instrument 'clarinete' dynamic 'ffff' at event evt_1 pitch 'E4' is outside measured support ('pp', 'mf', 'ff'); boundary 'ff', s(m)=0, γ=0.5, value=15.0911. saturating register-adaptive tail; differentiation derived from local measured pp/mf/ff spread. | Instrument 'clarinete' pitch 'E4' has inverted measured anchors ff<mf (mf=15.1193, ff=15.0911); loud-tail step clamped to 0. | Instrument 'contrabaixo' dynamic 'ffff' at event evt_0 pitch 'C2' is outside measured support ('pp', 'mf', 'ff'); boundary 'ff', s(m)=0.192472, γ=0.5, value=67.1031. saturating register-adaptive tail; differentiation derived from local measured pp/mf/ff spread. | Instrument 'flauta' dynamic 'ffff' at event evt_2 pitch 'C7' is outside measured support ('pp', 'mf', 'ff'); boundary 'ff', s(m)=0.152977, γ=0.5, value=4.80822. saturating register-adaptive tail; differentiation derived from local measured pp/mf/ff spread.",False
DENSPARSE.dense_loud,DENSPARSE,"7-note cluster from C5, all ffff",C5 C#5 D5 D#5 E5 F5 F#5,ffff ffff ffff ffff ffff ffff ffff,flauta flauta flauta flauta flauta flauta flauta,C5:flauta C#5:flauta D5:flauta D#5:flauta E5:flauta F5:flauta F#5:flauta,1 1 1 1 1 1 1,0.5,7,7,7,6.0,16.25878424995875,0.24900938507621384,36.95859703681136,71.32781535225072,27.497297169757992,0.18832273771409913,0.5428465642277632,2.7773310380955025,0.15992801527214445,1.3748648584878997,0.12450469253810692,"Instrument 'flauta' dynamic 'ffff' at event evt_0 pitch 'C5' is outside measured support ('pp', 'mf', 'ff'); boundary 'ff', s(m)=0.0233571, γ=0.5, value=11.4073. saturating register-adaptive tail; differentiation derived from local measured pp/mf/ff spread. | Instrument 'flauta' dynamic 'ffff' at event evt_1 pitch 'C#5' is outside measured support ('pp', 'mf', 'ff'); boundary 'ff', s(m)=0.0547861, γ=0.5, value=10.7074. saturating register-adaptive tail; differentiation derived from local measured pp/mf/ff spread. | Instrument 'flauta' dynamic 'ffff' at event evt_2 pitch 'D5' is outside measured support ('pp', 'mf', 'ff'); boundary 'ff', s(m)=0, γ=0.5, value=7.57996. saturating register-adaptive tail; differentiation derived from local measured pp/mf/ff spread. | Instrument 'flauta' dynamic 'ffff' at event evt_3 pitch 'D#5' is outside measured support ('pp', 'mf', 'ff'); boundary 'ff', s(m)=0, γ=0.5, value=7.15203. saturating register-adaptive tail; differentiation derived from local measured pp/mf/ff spread. | Instrument 'flauta' dynamic 'ffff' at event evt_4 pitch 'E5' is outside measured support ('pp', 'mf', 'ff'); boundary 'ff', s(m)=0.0919014, γ=0.5, value=9.42761. saturating register-adaptive tail; differentiation derived from local measured pp/mf/ff spread. | Instrument 'flauta' dynamic 'ffff' at event evt_5 pitch 'F5' is outside measured support ('pp', 'mf', 'ff'); boundary 'ff', s(m)=0.175435, γ=0.5, value=12.5166. saturating register-adaptive tail; differentiation derived from local measured pp/mf/ff spread. | Instrument 'flauta' dynamic 'ffff' at event evt_6 pitch 'F#5' is outside measured support ('pp', 'mf', 'ff'); boundary 'ff', s(m)=0.148185, γ=0.5, value=12.5369. saturating register-adaptive tail; differentiation derived from local measured pp/mf/ff spread. | Instrument 'flauta' pitch 'D#5' has inverted measured anchors ff<mf (mf=7.92054, ff=7.15203); loud-tail step clamped to 0. | Instrument 'flauta' pitch 'D5' has inverted measured anchors ff<mf (mf=8.84245, ff=7.57996); loud-tail step clamped to 0.",False
DENSPARSE.sparse_soft,DENSPARSE,"wide trio [C2,E4,C7], all pppp",C2 E4 C7,pppp pppp pppp,contrabaixo clarinete flauta,C2:contrabaixo E4:clarinete C7:flauta,1 1 1,0.5,3,3,3,60.0,0.10405101878025053,0.014807596072881873,0.14208052032960564,50.98441894917467,43.27926078980648,0.0007655735132483718,0.00176435280124432,0.7829964501394124,0.8988869341764514,2.1639630394903238,0.007403798036440937,"Instrument 'clarinete' dynamic 'pppp' at event evt_1 pitch 'E4' is outside measured support ('pp', 'mf', 'ff'); boundary 'pp', s(m)=0.286925, γ=0.5, value=5.15519. saturating register-adaptive tail; differentiation derived from local measured pp/mf/ff spread. | Instrument 'contrabaixo' dynamic 'pppp' at event evt_0 pitch 'C2' is outside measured support ('pp', 'mf', 'ff'); boundary 'pp', s(m)=0, γ=0.5, value=42.8691. saturating register-adaptive tail; differentiation derived from local measured pp/mf/ff spread. | Instrument 'contrabaixo' pitch 'C2' has inverted measured anchors pp>mf (pp=42.8691, mf=39.5249); soft-tail step clamped to 0. | Instrument 'flauta' dynamic 'pppp' at event evt_2 pitch 'C7' is outside measured support ('pp', 'mf', 'ff'); boundary 'pp', s(m)=0.0171713, γ=0.5, value=2.96017. saturating register-adaptive tail; differentiation derived from local measured pp/mf/ff spread.",False
DYNGRAD.uniform,DYNGRAD,"6-note cluster C4, uniform mf",C4 C#4 D4 D#4 E4 F4,mf mf mf mf mf mf,clarinete clarinete clarinete clarinete clarinete clarinete,C4:clarinete C#4:clarinete D4:clarinete D#4:clarinete E4:clarinete F4:clarinete,1 1 1 1 1 1,0.5,6,6,6,5.0,11.968735516320793,0.2547693250999043,26.456007553218832,93.10222200000001,38.20453759770072,0.1595529003252554,0.4439524778211052,2.577463859146906,0.18824209157972616,1.9102268798850361,0.12738466254995215,,False
DYNGRAD.wedge,DYNGRAD,"6-note cluster C4, wedge pppp..ffff (low->high)",C4 C#4 D4 D#4 E4 F4,pppp pp mp f ff ffff,clarinete clarinete clarinete clarinete clarinete clarinete,C4:clarinete C#4:clarinete D4:clarinete D#4:clarinete E4:clarinete F4:clarinete,1 1 1 1 1 1,0.5,6,6,6,5.0,11.968735516320793,0.2547693250999043,26.316868994709402,79.68007113008973,36.67579539706902,0.14877111228772177,0.40854625179721293,2.3709077904232236,0.049299084848234295,1.8337897698534509,0.12738466254995215,"Instrument 'clarinete' dynamic 'ffff' at event evt_5 pitch 'F4' is outside measured support ('pp', 'mf', 'ff'); boundary 'ff', s(m)=0.22862, γ=0.5, value=24.3443. saturating register-adaptive tail; differentiation derived from local measured pp/mf/ff spread. | Instrument 'clarinete' dynamic 'pppp' at event evt_0 pitch 'C4' is outside measured support ('pp', 'mf', 'ff'); boundary 'pp', s(m)=0.398801, γ=0.5, value=3.92815. saturating register-adaptive tail; differentiation derived from local measured pp/mf/ff spread.",False
DYNGRAD.inv_wedge,DYNGRAD,"6-note cluster C4, inverted wedge ffff..pppp",C4 C#4 D4 D#4 E4 F4,ffff ff f mp pp pppp,clarinete clarinete clarinete clarinete clarinete clarinete,C4:clarinete C#4:clarinete D4:clarinete D#4:clarinete E4:clarinete F4:clarinete,1 1 1 1 1 1,0.5,6,6,6,5.0,11.968735516320793,0.2547693250999043,25.0058224961574,97.18360456436092,46.17387960842191,0.15494594103415338,0.4287161074777627,2.3089513398265953,0.32586100723006284,2.3086939804210957,0.12738466254995215,"Instrument 'clarinete' dynamic 'ffff' at event evt_0 pitch 'C4' is outside measured support ('pp', 'mf', 'ff'); boundary 'ff', s(m)=0.215144, γ=0.5, value=31.6683. saturating register-adaptive tail; differentiation derived from local measured pp/mf/ff spread. | Instrument 'clarinete' dynamic 'pppp' at event evt_5 pitch 'F4' is outside measured support ('pp', 'mf', 'ff'); boundary 'pp', s(m)=0.336261, γ=0.5, value=3.6789. saturating register-adaptive tail; differentiation derived from local measured pp/mf/ff spread.",False
DYNGRAD.extremes,DYNGRAD,"6-note cluster C4, extremes-only ffff/pppp",C4 C#4 D4 D#4 E4 F4,ffff pppp pppp pppp pppp ffff,clarinete clarinete clarinete clarinete clarinete clarinete,C4:clarinete C#4:clarinete D4:clarinete D#4:clarinete E4:clarinete F4:clarinete,1 1 1 1 1 1,0.5,6,6,6,5.0,11.968735516320793,0.2547693250999043,23.60239657127289,73.8171794182593,40.93347005879111,0.1311914577201852,0.3526687526684901,2.027186830496066,0.4290105300576867,2.0466735029395555,0.12738466254995215,"Instrument 'clarinete' dynamic 'ffff' at event evt_0 pitch 'C4' is outside measured support ('pp', 'mf', 'ff'); boundary 'ff', s(m)=0.215144, γ=0.5, value=31.6683. saturating register-adaptive tail; differentiation derived from local measured pp/mf/ff spread. | Instrument 'clarinete' dynamic 'ffff' at event evt_5 pitch 'F4' is outside measured support ('pp', 'mf', 'ff'); boundary 'ff', s(m)=0.22862, γ=0.5, value=24.3443. saturating register-adaptive tail; differentiation derived from local measured pp/mf/ff spread. | Instrument 'clarinete' dynamic 'pppp' at event evt_1 pitch 'C#4' is outside measured support ('pp', 'mf', 'ff'); boundary 'pp', s(m)=0.353009, γ=0.5, value=4.11363. saturating register-adaptive tail; differentiation derived from local measured pp/mf/ff spread. | Instrument 'clarinete' dynamic 'pppp' at event evt_2 pitch 'D4' is outside measured support ('pp', 'mf', 'ff'); boundary 'pp', s(m)=0.38831, γ=0.5, value=4.05392. saturating register-adaptive tail; differentiation derived from local measured pp/mf/ff spread. | Instrument 'clarinete' dynamic 'pppp' at event evt_3 pitch 'D#4' is outside measured support ('pp', 'mf', 'ff'); boundary 'pp', s(m)=0.315448, γ=0.5, value=4.48176. saturating register-adaptive tail; differentiation derived from local measured pp/mf/ff spread. | Instrument 'clarinete' dynamic 'pppp' at event evt_4 pitch 'E4' is outside measured support ('pp', 'mf', 'ff'); boundary 'pp', s(m)=0.286925, γ=0.5, value=5.15519. saturating register-adaptive tail; differentiation derived from local measured pp/mf/ff spread.",False
DYNGRAD.bass_heavy,DYNGRAD,"bass ffff + soft treble triad (C2,C5,C#5,D5)",C2 C5 C#5 D5,ffff pppp pppp pppp,contrabaixo flauta flauta flauta,C2:contrabaixo C5:flauta C#5:flauta D5:flauta,1 1 1 1,0.5,4,4,4,38.0,2.7028236099236986,0.16150893088507864,4.140877839335289,86.85482938631593,68.0758133083876,0.028211348238439432,0.06711530367544548,1.1320309991477449,0.8537627486573004,3.4037906654193795,0.08075446544253932,"Instrument 'contrabaixo' dynamic 'ffff' at event evt_0 pitch 'C2' is outside measured support ('pp', 'mf', 'ff'); boundary 'ff', s(m)=0.192472, γ=0.5, value=67.1031. saturating register-adaptive tail; differentiation derived from local measured pp/mf/ff spread. | Instrument 'flauta' dynamic 'pppp' at event evt_1 pitch 'C5' is outside measured support ('pp', 'mf', 'ff'); boundary 'pp', s(m)=0.111186, γ=0.5, value=7.05033. saturating register-adaptive tail; differentiation derived from local measured pp/mf/ff spread. | Instrument 'flauta' dynamic 'pppp' at event evt_2 pitch 'C#5' is outside measured support ('pp', 'mf', 'ff'); boundary 'pp', s(m)=0.069395, γ=0.5, value=7.09965. saturating register-adaptive tail; differentiation derived from local measured pp/mf/ff spread. | Instrument 'flauta' dynamic 'pppp' at event evt_3 pitch 'D5' is outside measured support ('pp', 'mf', 'ff'); boundary 'pp', s(m)=0.121729, γ=0.5, value=5.60176. saturating register-adaptive tail; differentiation derived from local measured pp/mf/ff spread.",False
FUSION.harmonic,FUSION,partials 1-6 on C2 (harmonic series),C2 C3 G3+1.999999999999602c C4 E4-14.000000000000057c G4+1.999999999999602c,mf mf mf mf mf mf,contrabaixo fagote clarinete clarinete clarinete clarinete,C2:contrabaixo C3:fagote G3+1.999999999999602c:clarinete C4:clarinete E4-14.000000000000057c:clarinete G4+1.999999999999602c:clarinete,1 1 1 1 1 1,0.5,6,6,6,31.019999999999996,5.025097939470935,0.1254833897688973,10.252450392805335,135.99865437712668,59.86884355674846,0.08204348612200459,0.20793478016054623,2.4721855431565363,0.6074388263498447,2.993442177837423,0.06274169488444865,,False
FUSION.inharmonic,FUSION,equal-cardinality inharmonic stack (6),C2 C#3 F#3+50c B3 D#4+50c A4,mf mf mf mf mf mf,contrabaixo fagote clarinete clarinete clarinete clarinete,C2:contrabaixo C#3:fagote F#3+50c:clarinete B3:clarinete D#4+50c:clarinete A4:clarinete,1 1 1 1 1 1,0.5,6,6,6,33.0,4.8067991571906035,0.1207230387601745,10.295060887874419,136.19916421659244,60.48634512051975,0.0824093628916312,0.20895284857114912,2.453004285747079,0.29019936522624334,3.0243172560259874,0.06036151938008724,,False
FUSION.octave_pillar,FUSION,5-octave pillar C2..C6,C2 C3 C4 C5 C6,mf mf mf mf mf,contrabaixo fagote clarinete flauta flauta,C2:contrabaixo C3:fagote C4:clarinete C5:flauta C6:flauta,1 1 1 1 1,0.5,5,5,5,48.0,1.5398078994606506,0.062198579279105035,2.7711498939101107,98.869923,51.65329795724686,0.020328470347208923,0.047920823327592385,2.056473302082374,1.0,2.5826648978623434,0.031099289639552517,,False
FUSION.qtone_cluster,FUSION,5-note quarter-tone cluster from C4,C4 C4+50c C#4 C#4+50c D4,mf mf mf mf mf,clarinete clarinete clarinete clarinete clarinete,C4:clarinete C4+50c:clarinete C#4:clarinete C#4+50c:clarinete D4:clarinete,1 1 1 1 1,0.5,5,5,5,2.0,9.059576658038832,0.28011325007358107,19.30145237649157,83.11586983422656,37.20942937380398,0.11595318102272337,0.3060300843881236,2.320412694858061,0.21085933450440783,1.8604714686901989,0.14005662503679053,,False
MICROMIX.near_unison,MICROMIX,near-unison triple C5/+8c/-8c,C5 C5+8c C5-8c,mf mf mf,flauta flauta flauta,C5:flauta C5+8c:flauta C5-8c:flauta,1 1 1,0.5,3,3,3,0.1599999999999966,2.968191149729407,0.29872146958799195,4.918959824914116,32.10618143460093,18.537669425388433,0.02055724461447969,0.04847298432220585,1.5848724698222467,1.0,0.9268834712694217,0.14936073479399598,,False
MICROMIX.micro_frame,MICROMIX,"micro-knot in wide frame [C4,C5,+8c,-8c,C7]",C4 C5 C5+8c C5-8c C7,mf mf mf mf mf,clarinete flauta flauta flauta flauta,C4:clarinete C5:flauta C5+8c:flauta C5-8c:flauta C7:flauta,1 1 1 1 1,0.5,5,5,5,36.0,4.171276450293889,0.15140897024407782,7.914828295952732,52.78899543460093,25.705337092698844,0.04139680824530049,0.10001044318429328,2.171380261601782,0.7944521096349644,1.2852668546349422,0.07570448512203891,,False
MICROMIX.edo24_pedal,MICROMIX,24-EDO 5-cluster from C5 over C2 pedal,C2 C5 C5+50c C#5 C#5+50c D5,mf mf mf mf mf mf,contrabaixo flauta flauta flauta flauta flauta,C2:contrabaixo C5:flauta C5+50c:flauta C#5:flauta C#5+50c:flauta D5:flauta,1 1 1 1 1 1,0.5,6,6,6,38.0,9.183503553447393,0.20742795987212878,18.303627638498398,87.10599463429115,44.91425308453097,0.1129713286622966,0.2970936363769161,2.2602089309107485,0.5765682282930825,2.2457126542265486,0.10371397993606439,,False
MICROMIX.mixed_system,MICROMIX,"JI-flavoured tetrad [C4,E4-14c,G4+2c,B4-31c]",C4 E4-14c G4+2c B4-31c,mf mf mf mf,clarinete clarinete clarinete flauta,C4:clarinete E4-14c:clarinete G4+2c:clarinete B4-31c:flauta,1 1 1 1,0.5,4,4,4,10.689999999999998,3.445683862969446,0.19708215572412888,6.881566637056678,57.31278999964466,28.983048064768067,0.03766690999464032,0.0906035574808194,1.9837066824016703,0.30579137745883006,1.4491524032384033,0.09854107786206445,,False
MASSASYM.massed_bass,MASSASYM,massed bass Qty8 (contrabaixo) + solo treble (flauta),C2 C6,mf mf,contrabaixo flauta,,8 1,0.5,2,2,9,48.0,0.008229747049020023,0.0035595068183171628,0.01001079907172976,321.76071,111.93157789973951,0.0001356075630563069,0.0003122967076571415,0.5389157163002327,1.0,5.596578894986975,0.0017797534091585814,,False
MASSASYM.massed_treble,MASSASYM,solo bass (contrabaixo) + massed treble Qty8 (violino),C2 C6,mf mf,contrabaixo violino,,1 8,0.5,2,2,9,48.0,0.008229747049020023,0.0035595068183171628,0.01127108145765487,156.993951,57.333153666732144,0.00010665229064419854,0.0002456061308191489,0.8427145455777363,1.0,2.866657683336607,0.0017797534091585814,,False
MASSASYM.balanced,MASSASYM,balanced Qty4/4 (contrabaixo/flauta),C2 C6,mf mf,contrabaixo flauta,,4 4,0.5,2,2,8,48.0,0.008229747049020023,0.0035595068183171628,0.01001079907172976,180.345332,79.8285163139089,0.00010152824965015685,0.00023380476223611112,0.5389157163002327,1.0,3.991425815695445,0.0017797534091585814,,False
XTREME.very_spacious,XTREME,"very spacious [C2,G3,D5,A6]",C2 G3 D5 A6,mf mf mf mf,contrabaixo clarinete flauta flauta,C2:contrabaixo G3:clarinete D5:flauta A6:flauta,1 1 1 1,0.5,4,4,4,57.0,0.4967933668377076,0.03454780368828965,0.8961186168546463,78.409573,48.46389286848038,0.005952329264730689,0.01380009892402276,1.5892077436866567,0.5040827221441444,2.423194643424019,0.017273901844144825,,False
XTREME.low_cluster_sub,XTREME,"low cluster substituted C1->E1 (MIDI 24 below contrabaixo 28): [E1,F1,F#1]",E1 F1 F#1,mf mf mf,contrabaixo contrabaixo contrabaixo,E1:contrabaixo F1:contrabaixo F#1:contrabaixo,1 1 1,0.5,3,3,3,2.0,2.628405589149901,0.2732641309127974,4.873908082032548,209.78819900000002,121.21076635338002,0.05029164859608662,0.12277219403821754,1.5839053636728693,0.3248369942867949,6.060538317669001,0.1366320654563987,,False
XTREME.wide_n4,XTREME,"wide growth n=4 [C4,C5,E6,G3]",C4 C5 E6 G3,mf mf mf mf,clarinete flauta flauta clarinete,C4:clarinete C5:flauta E6:flauta G3:clarinete,1 1 1 1,0.5,4,4,4,33.0,1.3899981436986835,0.0904930789203134,2.6225402625426373,59.337180999999994,33.74871796907016,0.014996240273022203,0.03513320539789528,1.7771182346383605,0.44421599671207845,1.6874358984535078,0.04524653946015671,,False
XTREME.farbass_E0_sub,XTREME,far-bass E0->E1 (MIDI 12 below all ranges; lowest coverable E1); doubles existing E1,C4 D4 E4 F4 A#4 E1 E1,mf mf mf mf mf mf mf,clarinete clarinete clarinete clarinete clarinete contrabaixo contrabaixo,C4:clarinete D4:clarinete E4:clarinete F4:clarinete A#4:clarinete E1:contrabaixo E1:contrabaixo,1 1 1 1 1 1 1,0.5,7,6,7,42.0,6.673696851394038,0.1598417355695015,13.184306119266985,211.13521400000002,102.14946026917147,0.12488650216802588,0.3331729773188545,2.2047784360636724,0.5823295223860568,5.1074730134585735,0.07992086778475074,,False
XTREME.extreme_span,XTREME,extreme span: lowest coverable E1 (MIDI 28) to highest coverable G7 (MIDI 103),E1 G7,mf mf,contrabaixo violino,E1:contrabaixo G7:violino,1 1,0.5,2,2,2,75.0,0.0005530843701478336,0.00024013508861979566,0.0006448823170366213,74.51198,68.4435725642165,4.204437344917225e-06,9.681121616586977e-06,0.42100384192459905,0.9145773337388163,3.4221786282108244,0.00012006754430989784,,False
