instrument_id,display_name,module_name,table_backed,source_table_first,source_table_last,source_table_row_count,instrument_source_pitch_range,registry_sounding_min,registry_sounding_max,registry_comfortable_min,registry_comfortable_max,registry_transposition,source_technique,table_supported_techniques,registry_supported_techniques,range_classification,technique_classification,table_excludes_sounding_range,exclusion_kind,missing_low_semitones,missing_high_semitones
bombo,Bass drum,bass_drum,True,D2,D2,1,"[28, 48]",28,48,28,48,0,struck_membrane,struck_membrane,struck|rolled,PASS,PASS,False,not_applicable_unpitched,0,0
caixa,Snare drum,,False,,,,,60,72,60,72,0,,,struck|rolled,NOT APPLICABLE,NOT APPLICABLE,True,no_table,,
celesta,Celesta,,False,,,,,60,96,65,88,0,,,struck,NOT APPLICABLE,NOT APPLICABLE,True,no_table,,
clarinete,Cl,clarinet,True,D3,C7,47,"[50, 96]",50,96,55,80,0,ordinary_sustain,ordinary_sustain,legato|staccato|flutter_tongue,PASS,PASS,False,full_coverage,0,0
clarinete_baixo,Bass clarinet,,False,,,,,34,72,40,65,14,,,legato|staccato,NOT APPLICABLE,NOT APPLICABLE,True,no_table,,
contrabaixo,Db,double_bass,True,E1,C5,45,"[28, 72]",28,72,31,55,0,arco_sustain,arco_sustain,arco|pizzicato|tremolo|harmonic|mute,PASS,PASS,False,full_coverage,0,0
contrabaixo_sordina,Double bass sordina,double_bass_sordina,True,E1,C5,45,"[28, 72]",28,72,31,55,0,arco_sordina,arco_sordina,arco|mute,PASS,PASS,False,full_coverage,0,0
contrabaixo_sul_ponticello,Double bass sul ponticello,double_bass_sul_ponticello,True,E1,C5,45,"[28, 72]",28,72,31,55,0,arco_sul_ponticello,arco_sul_ponticello,arco|sul_ponticello,PASS,PASS,False,full_coverage,0,0
contrabaixo_sul_tasto,Double bass sul tasto,double_bass_sul_tasto,True,E1,C5,45,"[28, 72]",28,72,31,55,0,arco_sul_tasto,arco_sul_tasto,arco|sul_tasto,PASS,PASS,False,full_coverage,0,0
contrafagote,Contrabassoon,,False,,,,,22,77,28,65,0,,,arco,NOT APPLICABLE,NOT APPLICABLE,True,no_table,,
cor_anglais,English horn,,False,,,,,52,76,55,72,7,,,legato|staccato,NOT APPLICABLE,NOT APPLICABLE,True,no_table,,
fagote,Bsn,bassoon,True,A#1,D#5,42,"[34, 75]",34,75,40,65,0,ordinary_sustain,ordinary_sustain,legato|staccato|flutter_tongue,PASS,PASS,False,full_coverage,0,0
flauta,Fl,flute,True,B3,D7,40,"[59, 98]",59,98,62,88,0,ordinary_sustain,ordinary_sustain,legato|staccato|flutter_tongue,PASS,PASS,False,full_coverage,0,0
flautim,Piccolo,,False,,,,,74,108,76,100,0,,,legato|staccato,NOT APPLICABLE,NOT APPLICABLE,True,no_table,,
gongo,Gong,gong,True,C3,C3,1,"[36, 60]",36,60,36,60,0,struck_plate,struck_plate,struck|rolled,PASS,PASS,False,not_applicable_unpitched,0,0
harpa,Harp,,False,,,,,23,96,40,88,0,,,plucked|glissando|harmonic,NOT APPLICABLE,NOT APPLICABLE,True,no_table,,
marimba,Marimba,,False,,,,,45,84,45,84,0,,,struck|rolled,NOT APPLICABLE,NOT APPLICABLE,True,no_table,,
metalofone,Glockenspiel,,False,,,,,72,108,72,108,0,,,struck|rolled,NOT APPLICABLE,NOT APPLICABLE,True,no_table,,
oboe,Ob,oboe,True,A#3,A6,36,"[58, 93]",58,93,60,81,0,ordinary_sustain,ordinary_sustain,legato|staccato|flutter_tongue,PASS,PASS,False,full_coverage,0,0
piano,Piano,,False,,,,,21,108,36,96,0,,,struck|pedal,NOT APPLICABLE,NOT APPLICABLE,True,no_table,,
pratos,Cymbals,cymbals,True,C5,C5,1,"[60, 84]",60,84,60,84,0,struck_plate,struck_plate,struck|rolled,PASS,PASS,False,not_applicable_unpitched,0,0
tamtam,Tam-tam,tamtam,True,C2,C2,1,"[24, 48]",24,48,24,48,0,struck_plate,struck_plate,struck|rolled,PASS,PASS,False,not_applicable_unpitched,0,0
timpanos,Timpani,,False,,,,,36,60,36,60,0,,,struck|rolled,NOT APPLICABLE,NOT APPLICABLE,True,no_table,,
trombone,Trombone,,False,,,,,40,72,43,65,0,,,arco,NOT APPLICABLE,NOT APPLICABLE,True,no_table,,
trombone_baixo,Bass trombone,,False,,,,,34,65,36,58,0,,,arco,NOT APPLICABLE,NOT APPLICABLE,True,no_table,,
trompa,Hn,horn,True,G1,F5,47,"[31, 77]",41,77,45,72,7,ordinary_sustain,ordinary_sustain,legato|staccato|stopped|mute,FAIL,PASS,False,full_coverage,0,0
trompete,Tpt,trumpet,True,E3,D#6,36,"[52, 87]",52,87,58,80,2,ordinary_sustain,ordinary_sustain,legato|staccato|mute|flutter_tongue,PASS,PASS,False,full_coverage,0,0
tuba,Tba,tuba,True,C1,A#4,47,"[24, 70]",24,70,30,50,0,ordinary_sustain,ordinary_sustain,legato|staccato|mute,PASS,PASS,False,full_coverage,0,0
vibrafone,Vibraphone,,False,,,,,53,84,53,84,0,,,struck|rolled,NOT APPLICABLE,NOT APPLICABLE,True,no_table,,
viola,Vla,viola,True,C3,C7,49,"[48, 96]",48,96,50,69,0,arco_sustain,arco_sustain,arco|pizzicato|tremolo|harmonic|mute,PASS,PASS,False,full_coverage,0,0
viola_sordina,Viola sordina,viola_sordina,True,C3,C7,49,"[48, 96]",48,96,50,69,0,arco_sordina,arco_sordina,arco|mute,PASS,PASS,False,full_coverage,0,0
viola_sul_ponticello,Viola sul ponticello,viola_sul_ponticello,True,C3,C7,49,"[48, 96]",48,96,50,69,0,arco_sul_ponticello,arco_sul_ponticello,arco|sul_ponticello,PASS,PASS,False,full_coverage,0,0
viola_sul_tasto,Viola sul tasto,viola_sul_tasto,True,C3,C7,49,"[48, 96]",48,96,50,69,0,arco_sul_tasto,arco_sul_tasto,arco|sul_tasto,PASS,PASS,False,full_coverage,0,0
violino,Vl,violin,True,G3,G7,49,"[55, 103]",55,103,55,76,0,arco_sustain,arco_sustain,arco|pizzicato|tremolo|harmonic|mute,PASS,PASS,False,full_coverage,0,0
violino_harm,vl harm,violin_harmonics,True,G4,G7,37,"[67, 103]",67,103,67,96,0,arco_harmonic,arco_harmonic,arco|harmonic,PASS,PASS,False,full_coverage,0,0
violino_sordina,vl sord,violin_sordina,True,G3,G7,49,"[55, 103]",55,103,55,76,0,arco_sordina,arco_sordina,arco|mute,PASS,PASS,False,full_coverage,0,0
violino_sul_ponticello,vl sp,violin_sul_ponticello,True,G3,G7,49,"[55, 103]",55,103,55,76,0,arco_sul_ponticello,arco_sul_ponticello,arco|sul_ponticello,PASS,PASS,False,full_coverage,0,0
violino_sul_tasto,vl st,violin_sul_tasto,True,G3,G7,49,"[55, 103]",55,103,55,76,0,arco_sul_tasto,arco_sul_tasto,arco|sul_tasto,PASS,PASS,False,full_coverage,0,0
violoncelo,Vc,cello,True,C2,C6,49,"[36, 84]",36,84,40,65,0,arco_sustain,arco_sustain,arco|pizzicato|tremolo|harmonic|mute,PASS,PASS,False,full_coverage,0,0
violoncelo_sordina,Cello sordina,cello_sordina,True,C2,C6,49,"[36, 84]",36,84,40,65,0,arco_sordina,arco_sordina,arco|mute,PASS,PASS,False,full_coverage,0,0
violoncelo_sul_ponticello,Cello sul ponticello,cello_sul_ponticello,True,C2,C6,49,"[36, 84]",36,84,40,65,0,arco_sul_ponticello,arco_sul_ponticello,arco|sul_ponticello,PASS,PASS,False,full_coverage,0,0
violoncelo_sul_tasto,Cello sul tasto,cello_sul_tasto,True,C2,C6,49,"[36, 84]",36,84,40,65,0,arco_sul_tasto,arco_sul_tasto,arco|sul_tasto,PASS,PASS,False,full_coverage,0,0
