instrument,note,midi,pp_source,mf_source,ff_source,gpr_p,gpr_mp,gpr_f,linear_mp_estimate,quadratic_mp_estimate,gpr_mp_std,mp_minus_p,mf_minus_mp,outside_pp_mf_interval,finite,negative,warnings,model,mp_coordinate
violin,A#3,58.0,28.838925,32.194271,38.719126,30.212893174239465,31.118245773289658,35.319733309325166,30.516598000000002,31.05829303125,0.4618393813284696,0.9053525990501932,1.0760252267103425,False,True,False,[],GPR_Matern_nu1.5_alpha1e-1_n_restarts10,4.5
violin,A#4,70.0,22.652636,20.433399,26.037132,20.952651604928622,20.410967881458184,22.781619886434225,21.5430175,20.2548048125,0.8899672483654945,-0.5416837234704381,0.02243111854181734,True,True,False,[],GPR_Matern_nu1.5_alpha1e-1_n_restarts10,4.5
violin,A#5,82.0,10.710713,12.021352,11.619004,11.417277896350043,11.659187865658255,11.87873074176115,11.3660325,11.85428478125,0.2800399695250014,0.24190996930821207,0.36216413434174477,False,True,False,[],GPR_Matern_nu1.5_alpha1e-1_n_restarts10,4.5
violin,A#6,94.0,5.321608,6.28718,6.586375,5.802774242872219,5.959538033606671,6.370667130426052,5.804394,6.108259843749999,0.21145445889475917,0.1567637907344519,0.32764196639332965,False,True,False,[],GPR_Matern_nu1.5_alpha1e-1_n_restarts10,4.5
violin,A3,57.0,30.702267,29.143841,42.287864,28.696099793915057,28.328536907648694,35.059417370606354,29.923054,28.155092906249994,1.756639567914598,-0.3675628862663629,0.8153040923513046,True,True,False,[],GPR_Matern_nu1.5_alpha1e-1_n_restarts10,4.5
violin,A4,69.0,27.47028,23.809207,30.79765,24.866034733947803,23.937540782999715,26.679388412409534,25.6397435,23.726083125,1.2107224455088008,-0.9284939509480878,-0.12833378299971443,False,True,False,[],GPR_Matern_nu1.5_alpha1e-1_n_restarts10,4.5
violin,A5,81.0,13.386584,14.84153,17.357882,14.09766435962516,14.526310898474753,16.103348844494608,14.114056999999999,14.3782866875,0.2778774448341034,0.42864653884959303,0.3152191015252477,False,True,False,[],GPR_Matern_nu1.5_alpha1e-1_n_restarts10,4.5
violin,A6,93.0,7.428443,7.846089,9.525356,7.658784805650874,7.856218659947179,8.704609196368196,7.637266,7.62340053125,0.25669373736813533,0.197433854296305,-0.010129659947178737,True,True,False,[],GPR_Matern_nu1.5_alpha1e-1_n_restarts10,4.5
violin,B3,59.0,39.784207,39.101102,35.503268,39.697232166566145,39.447842939175345,37.497889786953166,39.4426545,39.54513409375,0.37060518482457816,-0.24938922739080027,-0.34674093917534776,False,True,False,[],GPR_Matern_nu1.5_alpha1e-1_n_restarts10,4.5
violin,B4,71.0,25.336199,25.26667,23.994139,25.192963826174623,25.050351056576826,24.574495521114553,25.3014345,25.396833687500006,0.2007639563551595,-0.14261276959779678,0.21631894342317537,True,True,False,[],GPR_Matern_nu1.5_alpha1e-1_n_restarts10,4.5
violin,B5,83.0,13.053029,14.265343,14.197524,13.607190654873348,13.761843685406998,14.138345077582342,13.659186,14.08227696875,0.20904431281466068,0.15465303053364998,0.503499314593002,False,True,False,[],GPR_Matern_nu1.5_alpha1e-1_n_restarts10,4.5
violin,B6,95.0,6.431797,6.888149,7.98655,6.732018157308869,6.902490914918357,7.448253138282551,6.659973000000001,6.71386890625,0.21367202537757485,0.1704727576094882,-0.014341914918357013,True,True,False,[],GPR_Matern_nu1.5_alpha1e-1_n_restarts10,4.5
violin,C#4,61.0,25.052836,22.127835,25.8856,23.11685137079542,22.398441632908366,23.561789124680285,23.590335500000002,22.232575937500002,0.741747781742439,-0.718409737887054,-0.27060663290836473,False,True,False,[],GPR_Matern_nu1.5_alpha1e-1_n_restarts10,4.5
violin,C#5,73.0,19.387751,15.382446,17.748366,17.007477696239874,15.986576455761684,16.11912060317233,17.3850985,15.786469906250002,0.7423648188920262,-1.0209012404781905,-0.604130455761684,False,True,False,[],GPR_Matern_nu1.5_alpha1e-1_n_restarts10,4.5
violin,C#6,85.0,10.378064,11.798903,13.601809,11.11076415205785,11.495144306250866,12.710692884998851,11.088483499999999,11.407874468749998,0.24856768990938247,0.38438015419301585,0.303758693749133,False,True,False,[],GPR_Matern_nu1.5_alpha1e-1_n_restarts10,4.5
violin,C#7,97.0,5.426751,7.643142,6.961116,6.69743983885524,7.204776764290401,7.528509789104979,6.5349465,7.36077084375,0.377762679303011,0.507336925435161,0.4383652357095995,False,True,False,[],GPR_Matern_nu1.5_alpha1e-1_n_restarts10,4.5
violin,C4,60.0,27.340394,23.374901,27.795461,24.779674123467707,23.781056566387875,25.024834625538936,25.3576475,23.580081781249998,0.9297107112062141,-0.9986175570798324,-0.40615556638787353,False,True,False,[],GPR_Matern_nu1.5_alpha1e-1_n_restarts10,4.5
violin,C5,72.0,16.400225,16.67357,16.590142,16.5526318139968,16.552631971977746,16.55263243846529,16.536897500000002,16.63868121875,0.18256313859081966,1.579809456586645e-07,0.1209380280222554,False,True,False,[],GPR_Matern_nu1.5_alpha1e-1_n_restarts10,4.5
violin,C6,84.0,13.138963,14.68363,17.558458,13.855749491393215,14.307451785121627,16.108243574371095,13.9112965,14.172760656250002,0.30005361075026993,0.4517022937284114,0.3761782148783741,False,True,False,[],GPR_Matern_nu1.5_alpha1e-1_n_restarts10,4.5
violin,C7,96.0,5.245629,7.706866,5.790592,6.7687297089138685,7.346702785063232,7.075639969621283,6.4762474999999995,7.5019484062499995,0.5008386874674047,0.5779730761493633,0.36016321493676795,False,True,False,[],GPR_Matern_nu1.5_alpha1e-1_n_restarts10,4.5
violin,D#4,63.0,26.560277,32.386338,30.695905,30.057386569799107,31.454419858759916,32.27272919597429,29.4733075,31.6344940625,0.7151581020780431,1.3970332889608095,0.9319181412400859,False,True,False,[],GPR_Matern_nu1.5_alpha1e-1_n_restarts10,4.5
violin,D#5,75.0,17.096813,16.571727,18.685236,16.676706134451596,16.607262386134337,17.50025027669319,16.83427,16.45563021875,0.36224196353022026,-0.06944374831725852,-0.035535386134338154,False,True,False,[],GPR_Matern_nu1.5_alpha1e-1_n_restarts10,4.5
violin,D#6,87.0,10.632592,12.162554,15.773834,11.236252885816764,11.680763252169692,13.914542734656155,11.397573000000001,11.5849399375,0.3639462694790124,0.44451036635292773,0.48179074783030806,False,True,False,[],GPR_Matern_nu1.5_alpha1e-1_n_restarts10,4.5
violin,D#7,99.0,4.383445,6.275297,7.088029,5.352923680665469,5.7768088690850865,6.7339531981882095,5.329371,5.903501500000001,0.281574745807033,0.4238851884196171,0.4984881309149136,False,True,False,[],GPR_Matern_nu1.5_alpha1e-1_n_restarts10,4.5
violin,D4,62.0,26.133791,34.381636,36.879891,30.61385860367635,32.65789575834337,36.29704724945543,30.2577135,32.8586988125,0.6443568988419645,2.0440371546670235,1.7237402416566283,False,True,False,[],GPR_Matern_nu1.5_alpha1e-1_n_restarts10,4.5
violin,D5,74.0,16.640459,18.281285,18.556922,17.47479339173879,17.793366857941383,18.43271480776745,17.460872000000002,17.999064968749998,0.258041171205777,0.31857346620259364,0.48791814205861783,False,True,False,[],GPR_Matern_nu1.5_alpha1e-1_n_restarts10,4.5
violin,D6,86.0,9.584466,12.903616,15.145209,11.272725467134379,12.080308507856932,14.135715762829244,11.244041,12.174849468749999,0.3179157206746424,0.8075830407225535,0.8233074921430674,False,True,False,[],GPR_Matern_nu1.5_alpha1e-1_n_restarts10,4.5
violin,D7,98.0,5.883139,6.513301,6.907783,6.230667389971081,6.337906300760929,6.644903670763179,6.19822,6.377855500000001,0.1982107251456392,0.1072389107898486,0.17539469923907092,False,True,False,[],GPR_Matern_nu1.5_alpha1e-1_n_restarts10,4.5
violin,E4,64.0,31.15438,35.982938,34.793031,34.0461227233768,35.18975157865057,35.96619946088399,33.568659,35.340029593749996,0.5844805831871442,1.143628855273775,0.7931864213494251,False,True,False,[],GPR_Matern_nu1.5_alpha1e-1_n_restarts10,4.5
violin,E5,76.0,21.459182,23.295079,25.541413,22.395403477042354,22.88599844615177,24.428867188282627,22.3771305,22.797626281250004,0.24999451510584045,0.49059496910941647,0.4090805538482307,False,True,False,[],GPR_Matern_nu1.5_alpha1e-1_n_restarts10,4.5
violin,E6,88.0,12.124289,13.7056,12.457872,13.107861044299101,13.43632376627807,13.28335594875148,12.9149445,13.575494656250001,0.35689231495957546,0.3284627219789691,0.2692762337219303,False,True,False,[],GPR_Matern_nu1.5_alpha1e-1_n_restarts10,4.5
violin,E7,100.0,5.041328,5.99111,4.730762,5.248056161102676,5.2480561360034175,5.248056058338915,5.5162189999999995,5.9608641874999995,0.32092443339697585,-2.5099258671446023e-08,0.7430538639965825,False,True,False,[],GPR_Matern_nu1.5_alpha1e-1_n_restarts10,4.5
violin,F#4,66.0,26.192578,29.118582,28.988298,27.86622726578351,28.537124989027497,29.312664551009185,27.65558,28.673608,0.3740682629701683,0.6708977232439857,0.5814570109725032,False,True,False,[],GPR_Matern_nu1.5_alpha1e-1_n_restarts10,4.5
violin,F#5,78.0,14.343111,17.293324,20.63479,15.79292688312697,16.557246038215677,18.987298183384343,15.8182175,16.51909078125,0.2967608628569509,0.7643191550887067,0.7360779617843214,False,True,False,[],GPR_Matern_nu1.5_alpha1e-1_n_restarts10,4.5
violin,F#6,90.0,8.187718,8.468389,9.191835,8.413877823610296,8.513086857194253,8.812611713982543,8.3280535,8.35671109375,0.19522846633994537,0.09920903358395705,-0.04469785719425268,True,True,False,[],GPR_Matern_nu1.5_alpha1e-1_n_restarts10,4.5
violin,F#7,102.0,5.877028,6.304183,5.274257,5.900839940165485,5.862376571235689,5.73466874902893,6.090605500000001,6.333995593750001,0.18909868452924888,-0.03846336892979618,0.44180642876431087,True,True,False,[],GPR_Matern_nu1.5_alpha1e-1_n_restarts10,4.5
violin,F4,65.0,26.177892,26.256405,31.173848,25.814863650235125,25.887464560522314,28.435694110859448,26.2171485,25.7831270625,0.5615794979491259,0.07260091028718918,0.3689404394776865,True,True,False,[],GPR_Matern_nu1.5_alpha1e-1_n_restarts10,4.5
violin,F5,77.0,15.674254,18.070114,19.702604,16.88855718913135,17.443922189672257,18.913307778928054,16.872184,17.5427149375,0.26822592893932695,0.5553650005409061,0.6261918103277431,False,True,False,[],GPR_Matern_nu1.5_alpha1e-1_n_restarts10,4.5
violin,F6,89.0,8.559391,9.228193,8.730382,8.835550887646422,8.835550928703876,8.835551047893187,8.893792,9.17036246875,0.1825352528638233,4.1057454325255094e-08,0.39264207129612316,False,True,False,[],GPR_Matern_nu1.5_alpha1e-1_n_restarts10,4.5
violin,F7,101.0,4.958746,6.41294,5.669511,5.789891343680326,6.08774395364063,6.166073086931127,5.685843,6.255418656249999,0.32122550503684916,0.29785260996030427,0.3251960463593697,False,True,False,[],GPR_Matern_nu1.5_alpha1e-1_n_restarts10,4.5
violin,G#3,56.0,33.591535,36.008517,38.554306,34.8126565171621,35.426982520585064,37.28928409980735,34.800026,35.39219584375,0.25218173841022423,0.614326003422967,0.581534479414934,False,True,False,[],GPR_Matern_nu1.5_alpha1e-1_n_restarts10,4.5
violin,G#4,68.0,21.367527,20.040854,24.983277,20.215117182182894,19.913954724205276,22.150020231030627,20.7041905,19.784794499999997,0.715992310800486,-0.3011624579776182,0.12689927579472382,True,True,False,[],GPR_Matern_nu1.5_alpha1e-1_n_restarts10,4.5
violin,G#5,80.0,13.179229,14.251474,13.795649,13.662395509816815,13.70296407710993,13.820646327977196,13.7153515,14.126669312499999,0.18754397335597836,0.040568567293115976,0.5485099228900694,False,True,False,[],GPR_Matern_nu1.5_alpha1e-1_n_restarts10,4.5
violin,G#6,92.0,6.989477,9.869439,8.668368,8.694133257742534,9.375427221220008,9.617579207101675,8.429458,9.53204534375,0.46648469469080744,0.681293963477474,0.49401177877999203,False,True,False,[],GPR_Matern_nu1.5_alpha1e-1_n_restarts10,4.5
violin,G3,55.0,57.391507,61.65907,70.623528,59.0698185399355,60.21271948453952,65.87778848442157,59.5252885,60.15184534374999,0.577419240676927,1.1429009446040226,1.4463505154604803,False,True,False,[],GPR_Matern_nu1.5_alpha1e-1_n_restarts10,4.5
violin,G4,67.0,26.244,28.582867,29.160595,27.486144367747016,27.99885569923714,28.96616658656528,27.4134335,28.163257031249998,0.29604441804739917,0.5127113314901237,0.5840113007628602,False,True,False,[],GPR_Matern_nu1.5_alpha1e-1_n_restarts10,4.5
violin,G5,79.0,15.895791,17.19385,17.95471,16.544955579131205,16.806375829778702,17.5334871342512,16.5448205,16.91969765625,0.21743544212647362,0.26142025064749674,0.3874741702212994,False,True,False,[],GPR_Matern_nu1.5_alpha1e-1_n_restarts10,4.5
violin,G6,91.0,6.336218,8.310972,7.974047,7.439269199260325,7.875827086985853,8.305342963901575,7.323594999999999,8.03400340625,0.33426432013189566,0.4365578877255283,0.43514491301414626,False,True,False,[],GPR_Matern_nu1.5_alpha1e-1_n_restarts10,4.5
violin,G7,103.0,4.46921,6.365012,4.816325,5.634945239003345,6.062860792236708,5.8281356849774415,5.417111,6.21398234375,0.4216476038495735,0.4279155532333627,0.3021512077632922,False,True,False,[],GPR_Matern_nu1.5_alpha1e-1_n_restarts10,4.5
viola,A#3,58.0,23.650212,25.057078,28.74837,24.193357451002626,24.611079947626227,26.81031579864342,24.353645,24.4911965625,0.3548245071333572,0.4177224966236004,0.4459980523737741,False,True,False,[],GPR_Matern_nu1.5_alpha1e-1_n_restarts10,4.5
viola,A#4,70.0,18.703919,15.878015,16.779028,17.07962738365562,16.3982519812611,16.064894479970885,17.290967,16.23509253125,0.4592956988059904,-0.6813754023945187,-0.5202369812611014,False,True,False,[],GPR_Matern_nu1.5_alpha1e-1_n_restarts10,4.5
viola,A#5,82.0,8.665828,9.237731,8.732884,8.87506004181262,8.87506005866419,8.875060105218164,8.9517795,9.1957005625,0.1825355987491944,1.6851569029086022e-08,0.3626709413358107,False,True,False,[],GPR_Matern_nu1.5_alpha1e-1_n_restarts10,4.5
viola,A#6,94.0,4.864399,4.026284,5.082864,4.650692590591648,4.65069260531071,4.650692647378729,4.4453415,4.05818509375,0.18243388023632684,1.4719062413348638e-08,-0.6244086053107099,False,True,False,[],GPR_Matern_nu1.5_alpha1e-1_n_restarts10,4.5
viola,A3,57.0,25.514571,27.02792,26.606568,26.357049133444477,26.65373565085211,26.911720368674736,26.2712455,26.830960968750002,0.29566787327543936,0.2966865174076325,0.37418434914789245,False,True,False,[],GPR_Matern_nu1.5_alpha1e-1_n_restarts10,4.5
viola,A4,69.0,19.33069,20.810507,21.351478,20.052353848949522,20.32557283171491,21.034221143228514,20.070598500000003,20.5285695625,0.22325427902343495,0.27321898276538903,0.48493416828508984,False,True,False,[],GPR_Matern_nu1.5_alpha1e-1_n_restarts10,4.5
viola,A5,81.0,8.259369,7.879721,8.142972,8.089902441920142,8.089902419965355,8.089902350463957,8.069545,7.914361218749999,0.1825277462015978,-2.1954786433298068e-08,-0.21018141996535533,False,True,False,[],GPR_Matern_nu1.5_alpha1e-1_n_restarts10,4.5
viola,A6,93.0,5.277487,6.045336,7.41803,5.704685232063673,5.945363036174263,6.7434200538106,5.6614115,5.79666953125,0.2365205536309856,0.24067780411059037,0.09997296382573673,False,True,False,[],GPR_Matern_nu1.5_alpha1e-1_n_restarts10,4.5
viola,B3,59.0,23.328144,26.714061,22.52097,25.688998826894785,26.44756151097098,25.25222632579549,25.0211025,26.57811375,0.7168950547295182,0.7585626840761961,0.26649948902901954,False,True,False,[],GPR_Matern_nu1.5_alpha1e-1_n_restarts10,4.5
viola,B4,71.0,18.686794,16.923815,15.166433,17.808940608597833,17.37840069059196,16.062645891626918,17.8053045,17.36403503125,0.24541097057903208,-0.43053991800587355,-0.4545856905919585,False,True,False,[],GPR_Matern_nu1.5_alpha1e-1_n_restarts10,4.5
viola,B5,83.0,9.078026,8.56009,8.519324,8.764415781435183,8.740285878653731,8.667134409176283,8.819058,8.6448393125,0.18587119955998044,-0.024129902781451662,-0.18019587865373055,False,True,False,[],GPR_Matern_nu1.5_alpha1e-1_n_restarts10,4.5
viola,B6,95.0,3.160347,3.341944,4.401535,3.339109058570749,3.463535922649384,3.8882116660333184,3.2511455,3.2142328124999997,0.214474122543381,0.12442686407863501,-0.12159192264938401,True,True,False,[],GPR_Matern_nu1.5_alpha1e-1_n_restarts10,4.5
viola,C#3,49.0,52.628812,55.856171,55.464366,54.5212648625722,55.26106682084976,55.975932790387844,54.2424915,55.388627875000005,0.40351651907742636,0.7398019582775603,0.5951041791502405,False,True,False,[],GPR_Matern_nu1.5_alpha1e-1_n_restarts10,4.5
viola,C#4,61.0,26.122141,22.659352,24.721467,24.028251815476704,23.176482737461953,23.286675066069222,24.3907465,23.0070895,0.6180280775903019,-0.8517690780147511,-0.5171307374619545,False,True,False,[],GPR_Matern_nu1.5_alpha1e-1_n_restarts10,4.5
viola,C#5,73.0,13.606495,13.241895,11.966232,13.368080169662104,13.198409734721244,12.586169150459922,13.424195000000001,13.41845715625,0.2188099077785365,-0.1696704349408602,0.04348526527875585,True,True,False,[],GPR_Matern_nu1.5_alpha1e-1_n_restarts10,4.5
viola,C#6,85.0,7.50039,7.223555,7.223124,7.311133336872063,7.311133293206523,7.3111331589209625,7.3619725,7.266850874999999,0.18251733182319835,-4.366553962853459e-08,-0.08757829320652277,False,True,False,[],GPR_Matern_nu1.5_alpha1e-1_n_restarts10,4.5
viola,C3,48.0,53.040231,62.806258,64.678251,58.506347473819126,60.89680257500269,64.59794107798842,57.923244499999996,61.104816937500004,0.7713764666865911,2.390455101183562,1.9094554249973115,False,True,False,[],GPR_Matern_nu1.5_alpha1e-1_n_restarts10,4.5
viola,C4,60.0,24.864557,28.856327,29.949936,27.0434267005922,27.993710051275595,29.67492691916646,26.860442,28.13008709375,0.3814769448002722,0.9502833506833959,0.8626169487244049,False,True,False,[],GPR_Matern_nu1.5_alpha1e-1_n_restarts10,4.5
viola,C5,72.0,14.204787,13.331529,13.625353,13.775790136713834,13.74699970841164,13.660669499873155,13.768158,13.4404295625,0.18624933685260328,-0.02879042830219447,-0.4154707084116396,False,True,False,[],GPR_Matern_nu1.5_alpha1e-1_n_restarts10,4.5
viola,C6,84.0,7.608984,6.873599,7.222314,7.230358533341298,7.2303584734742214,7.230358290623793,7.2412915,6.955810874999999,0.18251605539894658,-5.986707662941626e-08,-0.3567594734742219,False,True,False,[],GPR_Matern_nu1.5_alpha1e-1_n_restarts10,4.5
viola,C7,96.0,3.393524,3.291051,3.062043,3.2386127180903563,3.2386127079917557,3.238612676238459,3.3422875000000003,3.3285319062499994,0.18228567897604125,-1.009860062239909e-08,0.052438292008244236,True,True,False,[],GPR_Matern_nu1.5_alpha1e-1_n_restarts10,4.5
viola,D#3,51.0,42.732057,51.148026,51.741686,47.52515953203677,49.57579500342041,52.271023114770756,46.9400415,49.77737521875,0.7536712202557457,2.050635471383643,1.5722309965795915,False,True,False,[],GPR_Matern_nu1.5_alpha1e-1_n_restarts10,4.5
viola,D#4,63.0,24.673988,21.862305,22.033111,23.109663448713448,22.449043345179515,21.741742522766003,23.2681465,22.28561740625,0.3903917057668279,-0.6606201035339332,-0.5867383451795156,False,True,False,[],GPR_Matern_nu1.5_alpha1e-1_n_restarts10,4.5
viola,D#5,75.0,12.763109,12.111519,13.45466,12.372052259151014,12.29127696280789,12.726862173751467,12.437314,12.08741046875,0.3066525072644413,-0.08077529634312341,-0.1797579628078907,False,True,False,[],GPR_Matern_nu1.5_alpha1e-1_n_restarts10,4.5
viola,D#6,87.0,7.282524,6.505312,7.301591,7.025067277827801,7.02506728144122,7.025067289126795,6.893918,6.55210021875,0.1825126110641173,3.613418897430165e-09,-0.5197552814412196,False,True,False,[],GPR_Matern_nu1.5_alpha1e-1_n_restarts10,4.5
viola,D3,50.0,46.300964,48.825667,53.258255,47.43908708429615,48.136307052943806,50.968778059715795,47.5633155,48.015627031250006,0.3329932253256633,0.6972199686476586,0.6893599470561966,False,True,False,[],GPR_Matern_nu1.5_alpha1e-1_n_restarts10,4.5
viola,D4,62.0,27.954406,27.251578,29.751846,27.383340638382005,27.264837410063592,28.311790873219984,27.602992,27.126994749999998,0.4005399605231563,-0.11850322831841353,-0.013259410063593435,False,True,False,[],GPR_Matern_nu1.5_alpha1e-1_n_restarts10,4.5
viola,D5,74.0,14.207472,14.497863,14.57471,14.424370680045314,14.424370910921066,14.424371597055455,14.352667499999999,14.445285,0.1825596077721151,2.3087575229396862e-07,0.07349208907893434,False,True,False,[],GPR_Matern_nu1.5_alpha1e-1_n_restarts10,4.5
viola,D6,86.0,7.968202,7.028986,8.356678,7.4029703116619405,7.230933352975247,7.606957927542904,7.498594,7.051267374999999,0.18252397877392568,-0.17203695868669389,-0.2019473529752469,False,True,False,[],GPR_Matern_nu1.5_alpha1e-1_n_restarts10,4.5
viola,E3,52.0,42.562219,45.746578,45.88106,44.3699830035199,45.10262145445806,46.07142008972119,44.1543985,45.23641421875,0.37176337136272614,0.7326384509381612,0.6439565455419398,False,True,False,[],GPR_Matern_nu1.5_alpha1e-1_n_restarts10,4.5
viola,E4,64.0,19.845925,19.799905,20.781418,19.959156425321414,20.048370292231628,20.320375236099103,19.822915000000002,19.715078781249996,0.1913380428284336,0.08921386691021382,-0.2484652922316286,True,True,False,[],GPR_Matern_nu1.5_alpha1e-1_n_restarts10,4.5
viola,E5,76.0,10.992217,11.033411,11.443659,11.152030929168143,11.15274686735856,11.154874735498934,11.012813999999999,10.988513687499998,0.18265888075712433,0.0007159381904173756,-0.11933586735856139,True,True,False,[],GPR_Matern_nu1.5_alpha1e-1_n_restarts10,4.5
viola,E6,88.0,7.98995,7.657391,9.046506,7.802081021258355,7.815596822098633,8.340037980451546,7.8236705,7.579123812499999,0.2824306847246647,0.013515800840277592,-0.15820582209863332,False,True,False,[],GPR_Matern_nu1.5_alpha1e-1_n_restarts10,4.5
viola,F#3,54.0,35.703137,39.983901,38.738388,38.29113308662293,39.2935922117916,39.88132208025187,37.843519,39.43179846875,0.5407893059672515,1.00245912516867,0.6903087882084051,False,True,False,[],GPR_Matern_nu1.5_alpha1e-1_n_restarts10,4.5
viola,F#4,66.0,17.86533,18.147522,17.258643,17.828301149347936,17.792888202060755,17.684305108755442,18.006425999999998,18.18676190625,0.1869766462678803,-0.03541294728718114,0.3546337979392433,True,True,False,[],GPR_Matern_nu1.5_alpha1e-1_n_restarts10,4.5
viola,F#5,78.0,7.719122,7.450748,7.729003,7.628590631428847,7.628590634012372,7.628590638332863,7.584935,7.46659503125,0.18252196243906244,2.583525393617947e-09,-0.17784263401237244,False,True,False,[],GPR_Matern_nu1.5_alpha1e-1_n_restarts10,4.5
viola,F#6,90.0,5.92388,6.352379,6.300378,6.186829140214157,6.186829184179851,6.186829313291807,6.1381295,6.290301124999999,0.18249481745142043,4.396569419640173e-08,0.16554981582014872,False,True,False,[],GPR_Matern_nu1.5_alpha1e-1_n_restarts10,4.5
viola,F3,53.0,32.676859,38.48503,38.922533,35.976778980210035,37.379033011922395,39.251917593895605,35.5809445,37.536487375,0.5516444404313651,1.40225403171236,1.1059969880776066,False,True,False,[],GPR_Matern_nu1.5_alpha1e-1_n_restarts10,4.5
viola,F4,65.0,16.887165,16.820583,16.047916,16.738650137632536,16.664370164956548,16.434130049028212,16.853873999999998,16.90342396875,0.190647352140326,-0.0742799726759884,0.1562128350434513,True,True,False,[],GPR_Matern_nu1.5_alpha1e-1_n_restarts10,4.5
viola,F5,77.0,10.526492,9.558647,9.624044,10.068566550720599,9.981883367601085,9.727653646895293,10.042569499999999,9.703741812499999,0.19283356114143962,-0.08668318311951317,-0.42323636760108485,False,True,False,[],GPR_Matern_nu1.5_alpha1e-1_n_restarts10,4.5
viola,F6,89.0,5.550638,5.110859,6.19534,5.528435242957499,5.569447599549389,5.696277007320414,5.3307485,5.077904374999999,0.18851197268091435,0.04101235659188962,-0.45858859954938946,True,True,False,[],GPR_Matern_nu1.5_alpha1e-1_n_restarts10,4.5
viola,G#3,56.0,27.495821,28.535138,30.730608,28.039739913837877,28.389314574580748,29.652188282978837,28.015479499999998,28.16691940625,0.2507707784766092,0.3495746607428707,0.14582342541925186,False,True,False,[],GPR_Matern_nu1.5_alpha1e-1_n_restarts10,4.5
viola,G#4,68.0,18.794672,17.56433,17.886548,18.25234105942007,18.1629802983587,17.902514847297823,18.179501000000002,17.726363000000003,0.19153700763254097,-0.08936076106136781,-0.5986502983586988,False,True,False,[],GPR_Matern_nu1.5_alpha1e-1_n_restarts10,4.5
viola,G#5,80.0,8.986104,10.06828,9.397278,9.480372379633687,9.480372491605683,9.480372823243695,9.527192,9.962096437500001,0.18254037019101566,1.1197199611956421e-07,0.5879075083943164,False,True,False,[],GPR_Matern_nu1.5_alpha1e-1_n_restarts10,4.5
viola,G#6,92.0,5.01212,4.929018,5.900219,5.104914700123582,5.184821490168883,5.437875045420837,4.970569,4.85095259375,0.19552659705673944,0.07990679004530055,-0.2558034901688826,True,True,False,[],GPR_Matern_nu1.5_alpha1e-1_n_restarts10,4.5
viola,G3,55.0,44.943879,48.450564,47.572886,47.049690204625776,47.858039721730684,48.40921547222208,46.6972215,47.98492678125,0.45435223468948516,0.808349517104908,0.5925242782693161,False,True,False,[],GPR_Matern_nu1.5_alpha1e-1_n_restarts10,4.5
viola,G4,67.0,21.213318,19.424886,19.636917,20.257926905536724,19.887452226111296,19.453641823856096,20.319102,19.68445059375,0.308449376811059,-0.37047467942542767,-0.4625662261112957,False,True,False,[],GPR_Matern_nu1.5_alpha1e-1_n_restarts10,4.5
viola,G5,79.0,10.177074,10.066228,9.540261,10.007311898739497,9.96742886845179,9.844599790619629,10.121651,10.13285709375,0.1877405830999065,-0.039883030287706234,0.09879913154821018,True,True,False,[],GPR_Matern_nu1.5_alpha1e-1_n_restarts10,4.5
viola,G6,91.0,4.528296,5.401213,5.763935,4.974473102259896,5.122344047282226,5.519794161188605,4.9647545,5.23081453125,0.21003339593698078,0.1478709450223299,0.2788689527177741,False,True,False,[],GPR_Matern_nu1.5_alpha1e-1_n_restarts10,4.5
cello,A#2,46.0,48.225637,44.172545,52.814275,45.21288394383164,44.21950166106016,47.663305557578624,46.199090999999996,43.9956784375,1.3455934786684587,-0.9933822827714849,-0.0469566610601575,False,True,False,[],GPR_Matern_nu1.5_alpha1e-1_n_restarts10,4.5
cello,A#3,58.0,28.584675,34.464421,23.852713,33.02736945826728,34.346990971980205,30.368275518937914,31.524548000000003,34.5405583125,1.5895975286994162,1.3196215137129244,0.11743002801979685,False,True,False,[],GPR_Matern_nu1.5_alpha1e-1_n_restarts10,4.5
cello,A#4,70.0,17.306435,18.359962,15.449162,18.18097339329317,18.367081087884443,17.194546860787934,17.8331985,18.468235906249998,0.437565862373841,0.18610769459127496,-0.007119087884444042,True,True,False,[],GPR_Matern_nu1.5_alpha1e-1_n_restarts10,4.5
cello,A#5,82.0,7.358502,8.5362,7.520315,7.800734841459228,7.800734871894166,7.800734959677909,7.947350999999999,8.447423906249998,0.3162287639225047,3.043493812526776e-08,0.7354651281058331,False,True,False,[],GPR_Matern_nu1.5_alpha1e-1_n_restarts10,4.5
cello,A2,45.0,42.644833,48.499903,64.624187,44.498086872497424,46.08744043181262,56.13195635806852,45.572368,46.07339668750001,1.2585922560987952,1.5893535593151924,2.4124625681873866,False,True,False,[],GPR_Matern_nu1.5_alpha1e-1_n_restarts10,4.5
cello,A3,57.0,26.191951,30.92539,38.257905,28.2818413182017,29.53103623092517,34.51211610089751,28.558670499999998,29.498366875000002,0.45685498126474056,1.2491949127234712,1.3943537690748293,False,True,False,[],GPR_Matern_nu1.5_alpha1e-1_n_restarts10,4.5
cello,A4,69.0,24.226556,24.103264,18.158724,24.776371459774246,24.632329599045313,21.520596007746764,24.16491,24.679828999999998,0.6111928799801521,-0.1440418607289331,-0.5290655990453139,True,True,False,[],GPR_Matern_nu1.5_alpha1e-1_n_restarts10,4.5
cello,A5,81.0,10.925793,9.76158,11.684549,10.159518313954692,9.911187172524485,10.56232541135572,10.3436865,9.7632099375,0.40974850729275364,-0.24833114143020651,-0.14960717252448497,False,True,False,[],GPR_Matern_nu1.5_alpha1e-1_n_restarts10,4.5
cello,B2,47.0,42.672957,58.515681,52.2415,52.240002308579825,56.13152478211109,57.52488672751077,50.594319,56.62845984375,2.062651391010046,3.8915224735312677,2.3841562178889077,False,True,False,[],GPR_Matern_nu1.5_alpha1e-1_n_restarts10,4.5
cello,B3,59.0,31.442666,32.081912,28.055217,32.20218172033623,32.27274249906537,30.42598772881707,31.762289000000003,32.359532468750004,0.48434066324183234,0.07056077872914557,-0.19083049906537042,True,True,False,[],GPR_Matern_nu1.5_alpha1e-1_n_restarts10,4.5
cello,B4,71.0,18.451023,19.099653,16.195283,19.086806092203116,19.17108373865661,17.897378932297446,18.775337999999998,19.27058925,0.40969913085511167,0.08427764645349356,-0.0714307386566091,True,True,False,[],GPR_Matern_nu1.5_alpha1e-1_n_restarts10,4.5
cello,B5,83.0,6.36754,7.200545,6.453896,6.668999130861232,6.668999143143244,6.668999176982707,6.7840425,7.140386312499999,0.18250586726501047,1.2282011851993957e-08,0.5315458568567557,False,True,False,[],GPR_Matern_nu1.5_alpha1e-1_n_restarts10,4.5
cello,C#2,37.0,55.096953,50.842621,47.408278,52.96645277362873,51.94114159959841,49.09552295429245,52.969787,51.829330031249995,0.28969878587967673,-1.0253111740303211,-1.0985205995984089,False,True,False,[],GPR_Matern_nu1.5_alpha1e-1_n_restarts10,4.5
cello,C#3,49.0,32.995011,38.212609,35.968299,36.21687847755234,37.447335497916136,37.79680625359334,35.603809999999996,37.607763375000005,0.695217940821649,1.2304570203637937,0.7652735020838648,False,True,False,[],GPR_Matern_nu1.5_alpha1e-1_n_restarts10,4.5
cello,C#4,61.0,28.979309,28.769633,22.74247,29.480883419386515,29.315443237549115,26.16216727991197,28.874471,29.367441406250002,0.6009483606707235,-0.1654401818374005,-0.5458102375491158,True,True,False,[],GPR_Matern_nu1.5_alpha1e-1_n_restarts10,4.5
cello,C#5,73.0,11.866304,14.890799,13.08251,13.741376852369555,14.44464574562653,14.402118148841211,13.3785515,14.587748750000001,0.5091235221549402,0.7032688932569755,0.44615325437346876,False,True,False,[],GPR_Matern_nu1.5_alpha1e-1_n_restarts10,4.5
cello,C2,36.0,85.211722,94.121938,94.363449,90.37951445189415,92.52378615240917,95.12562883849753,89.66683,92.70707509375,0.7876490033991543,2.14427170051502,1.5981518475908274,False,True,False,[],GPR_Matern_nu1.5_alpha1e-1_n_restarts10,4.5
cello,C3,48.0,50.88049,53.816033,38.924197,54.18359587772935,54.6616711348776,47.636829954157,52.3482615,54.753464031250004,1.6834170788901694,0.47807525714824806,-0.8456381348776034,True,True,False,[],GPR_Matern_nu1.5_alpha1e-1_n_restarts10,4.5
cello,C4,60.0,30.832175,24.268547,26.56787,27.033630311204742,25.34596114325267,24.73339552896274,27.550361000000002,25.07855234375,0.9947401419351808,-1.6876691679520732,-1.0774141432526676,False,True,False,[],GPR_Matern_nu1.5_alpha1e-1_n_restarts10,4.5
cello,C5,72.0,14.056379,14.224319,13.389095,13.984591322715518,13.938151528679454,13.794334220032827,14.140349,14.276380624999998,0.1882564465301164,-0.046439794036064797,0.286167471320546,True,True,False,[],GPR_Matern_nu1.5_alpha1e-1_n_restarts10,4.5
cello,C6,84.0,5.157752,5.576198,5.262571,5.325922286876818,5.325922296406215,5.325922322596164,5.366975,5.540218343749999,0.18246713656098607,9.52939771536876e-09,0.25027570359378437,False,True,False,[],GPR_Matern_nu1.5_alpha1e-1_n_restarts10,4.5
cello,D#2,39.0,59.007753,60.545674,67.478555,59.29727322886539,59.75017269639123,63.66464172122592,59.7767135,59.65541625,0.5947908738162215,0.4528994675258389,0.7955013036087664,False,True,False,[],GPR_Matern_nu1.5_alpha1e-1_n_restarts10,4.5
cello,D#3,51.0,39.886908,45.68589,37.494232,44.06162627132556,45.365345475116044,42.75890536641205,42.786399,45.547767,1.2654204176513157,1.303719203790486,0.3205445248839567,False,True,False,[],GPR_Matern_nu1.5_alpha1e-1_n_restarts10,4.5
cello,D#4,63.0,21.193923,18.701271,20.009407,19.71462191248276,19.123873198353586,19.09306314546753,19.947597000000002,18.968110124999995,0.4581718348574654,-0.5907487141291732,-0.42260219835358726,False,True,False,[],GPR_Matern_nu1.5_alpha1e-1_n_restarts10,4.5
cello,D#5,75.0,13.025811,13.102937,11.628465,13.103679446554972,13.035155898502456,12.398959987752036,13.064374,13.2291178125,0.27054064069062256,-0.06852354805251615,0.06778110149754468,False,True,False,[],GPR_Matern_nu1.5_alpha1e-1_n_restarts10,4.5
cello,D2,38.0,55.891434,76.641317,58.979722,69.31628859151705,74.35070476658741,71.05921095394781,66.2663755,75.0549223125,3.6473971835596233,5.034416175070362,2.2906122334125882,False,True,False,[],GPR_Matern_nu1.5_alpha1e-1_n_restarts10,4.5
cello,D3,50.0,34.827484,56.423952,42.829798,48.05705930741275,53.48192716323138,52.66126639190132,45.625718,54.3239558125,3.5349254747690706,5.424867855818633,2.942024836768617,False,True,False,[],GPR_Matern_nu1.5_alpha1e-1_n_restarts10,4.5
cello,D4,62.0,32.472012,29.683975,24.524551,31.330479089867733,30.558223781863624,27.230806476690983,31.077993499999998,30.60330178125,0.38241039484041867,-0.7722553080041088,-0.8742487818636242,False,True,False,[],GPR_Matern_nu1.5_alpha1e-1_n_restarts10,4.5
cello,D5,74.0,14.885888,15.567181,10.468696,15.809240960657643,15.878910573251034,13.381363516161844,15.2265345,15.9387119375,0.6207305478300684,0.06966961259339044,-0.3117295732510339,True,True,False,[],GPR_Matern_nu1.5_alpha1e-1_n_restarts10,4.5
cello,E2,40.0,52.652053,59.756817,67.298153,56.13821250434443,57.94145575953131,63.557684253720474,56.204435000000004,57.939697374999994,0.35432064240736905,1.803243255186878,1.8153612404686896,False,True,False,[],GPR_Matern_nu1.5_alpha1e-1_n_restarts10,4.5
cello,E3,52.0,40.165556,46.724359,43.840521,44.22866594187554,45.783065248949704,46.18568970164696,43.4449575,45.96990584375,0.8551885755222737,1.5543993070741635,0.9412937510502957,False,True,False,[],GPR_Matern_nu1.5_alpha1e-1_n_restarts10,4.5
cello,E4,64.0,26.752416,23.632525,23.48939,25.03632511685923,24.296757731581184,23.34863286972898,25.1924705,24.133426875,0.3920228793120868,-0.7395673852780469,-0.6642327315811833,False,True,False,[],GPR_Matern_nu1.5_alpha1e-1_n_restarts10,4.5
cello,E5,76.0,11.857755,16.521954,11.463454,14.954778544897021,16.07193440988575,14.729693959641393,14.1898545,16.26740728125,0.9879840393373168,1.117155864988728,0.45001959011425186,False,True,False,[],GPR_Matern_nu1.5_alpha1e-1_n_restarts10,4.5
cello,F#2,42.0,36.934954,40.087178,58.803479,36.99802611412444,37.89904908037749,48.863750250800386,38.511066,37.839989781250004,1.913556835867179,0.9010229662530449,2.188128919622514,False,True,False,[],GPR_Matern_nu1.5_alpha1e-1_n_restarts10,4.5
cello,F#3,54.0,30.614076,36.223706,34.862301,33.967668969116666,35.307391727347884,36.22352276122367,33.418891,35.47483303125,0.6642026140186496,1.3397227582312183,0.9163142726521158,False,True,False,[],GPR_Matern_nu1.5_alpha1e-1_n_restarts10,4.5
cello,F#4,66.0,22.374843,21.349686,21.845358,21.892428735407115,21.87378007715935,21.81785478024895,21.8622645,21.46339753125,0.1850568155336611,-0.018648658247766292,-0.5240940771593507,False,True,False,[],GPR_Matern_nu1.5_alpha1e-1_n_restarts10,4.5
cello,F#5,78.0,11.020324,11.319224,8.531904,11.439896144635465,11.438926019321517,10.10944403524615,11.169774,11.533832125000002,0.39084586982434893,-0.0009701253139482446,-0.11970201932151703,True,True,False,[],GPR_Matern_nu1.5_alpha1e-1_n_restarts10,4.5
cello,F2,41.0,51.923068,60.157379,65.750277,56.188824361596,58.22612885886462,63.26308032487305,56.040223499999996,58.34643371875,0.4336606227003379,2.0373044972686216,1.9312501411353793,False,True,False,[],GPR_Matern_nu1.5_alpha1e-1_n_restarts10,4.5
cello,F3,53.0,34.678492,37.176906,45.011641,35.42202562694282,36.11837920574407,40.813467686114144,35.927699000000004,36.05202240625,0.6381276324998483,0.6963535788012507,1.0585267942559327,False,True,False,[],GPR_Matern_nu1.5_alpha1e-1_n_restarts10,4.5
cello,F4,65.0,21.179177,23.451573,23.023424,22.491319047151077,22.99440885434518,23.445153226555423,22.315375,23.13665009375,0.3491438816500637,0.5030898071941046,0.45716414565481855,False,True,False,[],GPR_Matern_nu1.5_alpha1e-1_n_restarts10,4.5
cello,F5,77.0,9.650069,10.959162,10.71602,10.332552162833611,10.568242073003555,10.86902348926062,10.3046155,10.77741078125,0.26706527704237953,0.23568991016994367,0.3909199269964443,False,True,False,[],GPR_Matern_nu1.5_alpha1e-1_n_restarts10,4.5
cello,G#2,44.0,42.424188,50.351052,41.781194,47.83705284200225,49.673254134400516,47.48544689053848,46.38762,49.915903687500006,1.4892002142949952,1.8362012923982647,0.6777978655994872,False,True,False,[],GPR_Matern_nu1.5_alpha1e-1_n_restarts10,4.5
cello,G#3,56.0,23.870021,22.51414,31.231981,22.367565617196494,22.05114728092379,26.38191244021925,23.192080500000003,21.9086988125,1.1831217813379238,-0.31641833627270444,0.46299271907621176,True,True,False,[],GPR_Matern_nu1.5_alpha1e-1_n_restarts10,4.5
cello,G#4,68.0,18.691884,21.259118,17.431502,20.541129749745384,21.100824285987567,19.857520885859337,19.975501,21.216826687500003,0.6266347948278529,0.5596945362421835,0.15829371401243364,False,True,False,[],GPR_Matern_nu1.5_alpha1e-1_n_restarts10,4.5
cello,G#5,80.0,9.134798,10.507846,9.123474,10.006100172317073,10.282584119045335,10.000094894491939,9.821322,10.423092125,0.18254110627442388,0.2764839467282627,0.22526188095466537,False,True,False,[],GPR_Matern_nu1.5_alpha1e-1_n_restarts10,4.5
cello,G2,43.0,27.60166,33.290125,67.28835,27.546914609352743,29.13049248756536,50.142264616243516,30.4458925,29.213968750000003,4.301668973609984,1.5835778782126155,4.159632512434644,False,True,False,[],GPR_Matern_nu1.5_alpha1e-1_n_restarts10,4.5
cello,G3,55.0,29.709319,30.094833,36.268506,29.40081381833538,29.553690147600015,32.84966042786015,29.902076,29.455814593750002,0.6572537914018877,0.152876329264636,0.5411428523999859,True,True,False,[],GPR_Matern_nu1.5_alpha1e-1_n_restarts10,4.5
cello,G4,67.0,21.699611,21.163073,17.128173,21.77440491358448,21.555134791864322,19.37026649679769,21.431342,21.625178937500003,0.4233224703107246,-0.21927012172015736,-0.39206179186432166,False,True,False,[],GPR_Matern_nu1.5_alpha1e-1_n_restarts10,4.5
cello,G5,79.0,12.291407,12.544536,9.737352,12.685445204520224,12.672494343266592,11.326929231142827,12.4179715,12.768158093750001,0.38694980139456436,-0.012950861253631984,-0.1279583432665916,True,True,False,[],GPR_Matern_nu1.5_alpha1e-1_n_restarts10,4.5
double_bass,A#1,34.0,40.561869,55.597516,60.707733,48.66913053553807,52.43193775882543,59.37006945127024,48.0796925,52.7691133125,1.0814829655310476,3.7628072232873535,3.165578241174572,False,True,False,[],GPR_Matern_nu1.5_alpha1e-1_n_restarts10,4.5
double_bass,A#2,46.0,34.316669,42.10368,38.07556,39.16901518425014,41.03092491956606,41.2048125509813,38.210174499999994,41.26459578125,1.0761380901532405,1.861909735315919,1.0727550804339359,False,True,False,[],GPR_Matern_nu1.5_alpha1e-1_n_restarts10,4.5
double_bass,A#3,58.0,26.561281,25.060635,26.55611,25.628411644348468,25.308568645584206,25.625742581193258,25.810958,25.154910156250004,0.38237601180228176,-0.3198429987642619,-0.2479336455842045,False,True,False,[],GPR_Matern_nu1.5_alpha1e-1_n_restarts10,4.5
double_bass,A#4,70.0,14.887534,12.217823,15.484825,13.170562649089185,12.496960500430108,13.49669573615378,13.552678499999999,12.32868390625,0.7112013795545014,-0.6736021486590769,-0.27913750043010843,False,True,False,[],GPR_Matern_nu1.5_alpha1e-1_n_restarts10,4.5
double_bass,A1,33.0,45.241833,52.909195,59.800076,49.084220385821766,51.002998920738904,56.483711879066455,49.075514,51.06514959375,0.3706385901033482,1.9187785349171378,1.9061960792610932,False,True,False,[],GPR_Matern_nu1.5_alpha1e-1_n_restarts10,4.5
double_bass,A2,45.0,37.954012,55.435454,30.765658,50.053719365912784,54.323159984309235,45.839427246214406,46.694733,55.016772062499996,4.45287308772061,4.269440618396452,1.1122940156907646,False,True,False,[],GPR_Matern_nu1.5_alpha1e-1_n_restarts10,4.5
double_bass,A3,57.0,21.771446,23.363639,23.288357,22.61549276784414,22.926133218433147,23.38129803720128,22.567542500000002,23.12191653125,0.27759287941810645,0.31064045058900547,0.43750578156685194,False,True,False,[],GPR_Matern_nu1.5_alpha1e-1_n_restarts10,4.5
double_bass,A4,69.0,14.938533,9.375939,16.478785,11.521186020268766,9.937586688088455,12.422510154634542,12.157236000000001,9.579202500000003,1.8341441854720908,-1.5835993321803112,-0.5616476880884544,False,True,False,[],GPR_Matern_nu1.5_alpha1e-1_n_restarts10,4.5
double_bass,B1,35.0,50.526032,53.54672,56.366389,52.04531435474617,52.78695300057089,54.964241078667506,52.036376000000004,52.81039353124999,0.25588007843984545,0.7416386458247217,0.759766999429111,False,True,False,[],GPR_Matern_nu1.5_alpha1e-1_n_restarts10,4.5
double_bass,B2,47.0,34.433284,49.124752,60.587924,41.830217116870855,45.54855961974759,55.424067944068476,41.779018,45.754537750000004,0.7305363267214747,3.7183425028767374,3.576192380252408,False,True,False,[],GPR_Matern_nu1.5_alpha1e-1_n_restarts10,4.5
double_bass,B3,59.0,33.218245,29.622159,30.46437,31.136249316974258,30.265345110670218,29.701541141500257,31.420202000000003,30.10509015625,0.5064785235744028,-0.87090420630404,-0.6431861106702179,False,True,False,[],GPR_Matern_nu1.5_alpha1e-1_n_restarts10,4.5
double_bass,B4,71.0,11.511656,6.621719,13.028944,8.547452301161687,7.123218990072726,9.448343356952302,9.0666875,6.7850943125,1.7653408823424979,-1.4242333110889618,-0.5014999900727259,False,True,False,[],GPR_Matern_nu1.5_alpha1e-1_n_restarts10,4.5
double_bass,C#2,37.0,37.226914,35.329676,42.092935,35.57923370633832,35.142935425169924,38.16054502697653,36.278295,34.99206390625,0.9281344084985371,-0.43629828116839775,0.18674057483007545,True,True,False,[],GPR_Matern_nu1.5_alpha1e-1_n_restarts10,4.5
double_bass,C#3,49.0,45.548412,37.696838,55.571074,39.794035937700286,37.70794376720278,45.39751830441362,41.622625,37.2479368125,3.13560069247471,-2.0860921704975084,-0.011105767202778338,False,True,False,[],GPR_Matern_nu1.5_alpha1e-1_n_restarts10,4.5
double_bass,C#4,61.0,27.733857,26.875424,30.132005,26.995656269631933,26.8305464112266,28.24508214166793,27.304640499999998,26.704249687499996,0.47947016194016473,-0.16510985840533365,0.044877588773399424,True,True,False,[],GPR_Matern_nu1.5_alpha1e-1_n_restarts10,4.5
double_bass,C2,36.0,42.869054,39.524911,58.083162,39.42178543138806,38.58243740279788,47.82396160718853,41.196982500000004,38.30759731250001,2.6261612473861664,-0.8393480285901802,0.9424735972021239,True,True,False,[],GPR_Matern_nu1.5_alpha1e-1_n_restarts10,4.5
double_bass,C3,48.0,37.307357,49.952933,42.849937,45.16104209976207,48.237698499483216,48.231328645599994,43.630145,48.642967625,1.8345376159562783,3.076656399721145,1.715234500516786,False,True,False,[],GPR_Matern_nu1.5_alpha1e-1_n_restarts10,4.5
double_bass,C4,60.0,29.667227,28.97921,38.02027,28.49469576216503,28.366672244921023,32.986584051016486,29.3232185,28.23911328125,1.1034586035821643,-0.1280235172440065,0.612537755078975,True,True,False,[],GPR_Matern_nu1.5_alpha1e-1_n_restarts10,4.5
double_bass,C5,72.0,11.479589,6.146346,11.26156,8.408215370746422,6.861103554885877,8.278828915448218,8.812967500000001,6.500113906250002,1.6283313156522108,-1.5471118158605455,-0.7147575548858764,False,True,False,[],GPR_Matern_nu1.5_alpha1e-1_n_restarts10,4.5
double_bass,D#2,39.0,34.858534,38.938187,41.851193,36.94268995367555,37.92429765749581,40.48288452704221,36.898360499999995,38.02764690625,0.3047894629342263,0.9816077038202664,1.0138893425041857,False,True,False,[],GPR_Matern_nu1.5_alpha1e-1_n_restarts10,4.5
double_bass,D#3,51.0,38.368971,38.853647,43.166477,38.303155370084106,38.48457494202969,40.77755475916608,38.611309000000006,38.373588562500004,0.45679180503548256,0.18141957194558245,0.36907205797031395,False,True,False,[],GPR_Matern_nu1.5_alpha1e-1_n_restarts10,4.5
double_bass,D#4,63.0,23.600421,16.53794,27.454664,19.02060795322121,17.047954627211016,21.24367361232312,20.0691805,16.618009781250002,2.4436243337650723,-1.9726533260101924,-0.5100146272110173,False,True,False,[],GPR_Matern_nu1.5_alpha1e-1_n_restarts10,4.5
double_bass,D2,38.0,37.378471,34.144331,39.381996,35.12089810039066,34.33470720461321,36.18392197586602,35.761401,34.15863428125,0.8998394142249121,-0.7861908957774517,-0.1903762046132087,False,True,False,[],GPR_Matern_nu1.5_alpha1e-1_n_restarts10,4.5
double_bass,D3,50.0,36.256618,40.592667,51.709786,37.73046318336631,38.906434423617156,45.84097062076757,38.424642500000004,38.8729294375,0.8345343179855118,1.1759712402508455,1.6862325763828423,False,True,False,[],GPR_Matern_nu1.5_alpha1e-1_n_restarts10,4.5
double_bass,D4,62.0,28.615411,23.674782,27.498803,25.574374233019807,24.31623058063104,24.971856713160605,26.1450965,24.0882533125,0.9735445702119938,-1.2581436523887675,-0.6414485806310388,False,True,False,[],GPR_Matern_nu1.5_alpha1e-1_n_restarts10,4.5
double_bass,E1,28.0,62.851741,68.146968,89.556281,63.90537116070281,65.37852722332872,78.0869640928237,65.4993545,65.3124656875,1.8570222492216555,1.473156062625904,2.7684407766712837,False,True,False,[],GPR_Matern_nu1.5_alpha1e-1_n_restarts10,4.5
double_bass,E2,40.0,39.820352,44.904327,52.605099,42.09840312847553,43.43380095826217,48.65162238477143,42.362339500000004,43.38800853125,0.44109865490591427,1.3353978297866362,1.470526041737834,False,True,False,[],GPR_Matern_nu1.5_alpha1e-1_n_restarts10,4.5
double_bass,E3,52.0,35.775475,39.10624,38.795969,37.71372088691787,38.48382762209618,39.27489775849451,37.4408575,38.614895875,0.4089738175182411,0.7701067351783095,0.6224123779038209,False,True,False,[],GPR_Matern_nu1.5_alpha1e-1_n_restarts10,4.5
double_bass,E4,64.0,23.261444,18.548183,29.581959,19.8248203223609,18.547430066746806,23.408560964212292,20.904813500000003,18.250213531250004,2.033381890666499,-1.277390255614094,0.0007529332531959199,True,True,False,[],GPR_Matern_nu1.5_alpha1e-1_n_restarts10,4.5
double_bass,F#1,30.0,52.403571,73.72935,67.243636,65.0662150298492,70.34059244780389,73.2635946322454,63.0664605,71.00523271875,2.6140238728416665,5.274377417954682,3.388757552196111,False,True,False,[],GPR_Matern_nu1.5_alpha1e-1_n_restarts10,4.5
double_bass,F#2,42.0,31.415176,36.710454,41.643499,34.05795105339986,35.383190885130105,39.247574594754525,34.062815,35.42059384374999,0.3250236832937294,1.3252398317302436,1.3272631148698935,False,True,False,[],GPR_Matern_nu1.5_alpha1e-1_n_restarts10,4.5
double_bass,F#3,54.0,26.634748,34.147334,30.522211,31.26198590190294,33.073958736629486,33.38608633873683,30.391041,33.31334771875,1.0374917364848373,1.8119728347265465,1.0733752633705151,False,True,False,[],GPR_Matern_nu1.5_alpha1e-1_n_restarts10,4.5
double_bass,F#4,66.0,22.610232,15.154271,29.745109,17.607631247258116,15.44971114559331,21.80786661009337,18.8822515,14.951373843750002,3.293147307766092,-2.1579201016648053,-0.2954401455933109,False,True,False,[],GPR_Matern_nu1.5_alpha1e-1_n_restarts10,4.5
double_bass,F1,29.0,68.342967,67.911881,89.668777,66.16702800652298,66.15541148856057,77.63143197485664,68.12742399999999,65.93952918749999,2.473466846839392,-0.011616517962409034,1.7564695114394198,True,True,False,[],GPR_Matern_nu1.5_alpha1e-1_n_restarts10,4.5
double_bass,F2,41.0,32.057125,44.57688,41.662093,39.41489117035978,42.50714110659844,44.68809664104616,38.3170025,42.893929562500006,1.464835611179368,3.092249936238659,2.0697388934015635,False,True,False,[],GPR_Matern_nu1.5_alpha1e-1_n_restarts10,4.5
double_bass,F3,53.0,31.497165,39.169219,39.803759,35.83531011465806,37.71196095143582,40.23746361799217,35.333192,37.9109724375,0.7021061761681345,1.8766508367777632,1.457258048564178,False,True,False,[],GPR_Matern_nu1.5_alpha1e-1_n_restarts10,4.5
double_bass,F4,65.0,18.16792,17.528267,22.885256,17.36111185053907,17.237162354250593,19.895784752555137,17.848093499999997,17.1259950625,0.7075875796583041,-0.1239494962884784,0.29110464574940664,True,True,False,[],GPR_Matern_nu1.5_alpha1e-1_n_restarts10,4.5
double_bass,G#1,32.0,33.78353,38.567668,48.585372,35.62622389098325,36.90772460766211,43.35114836382797,36.175599,36.8809866875,0.6880900778715515,1.2815007166788632,1.6599433923378868,False,True,False,[],GPR_Matern_nu1.5_alpha1e-1_n_restarts10,4.5
double_bass,G#2,44.0,23.600827,25.804115,23.777648,25.050272559099515,25.53011749321138,25.143237089428858,24.702471,25.64983253125,0.4463586596689902,0.4798449341118669,0.2739975067886178,False,True,False,[],GPR_Matern_nu1.5_alpha1e-1_n_restarts10,4.5
double_bass,G#3,56.0,23.633009,24.234414,26.442099,23.901008360805836,24.140771433714956,25.319525659319986,23.9337115,23.933474,0.2831944745585521,0.23976307290912047,0.09364256628504464,False,True,False,[],GPR_Matern_nu1.5_alpha1e-1_n_restarts10,4.5
double_bass,G#4,68.0,16.930815,11.427322,21.465863,13.28618660053442,11.710957251211624,15.94273020338703,14.1790685,11.3461295625,2.2715657519560017,-1.575229349322795,-0.28363525121162425,False,True,False,[],GPR_Matern_nu1.5_alpha1e-1_n_restarts10,4.5
double_bass,G1,31.0,38.374667,66.292509,55.636976,1.268310288378591e-197,2.493852223920778e-97,1.4774872714842627e-197,52.333588,62.929302406249995,3.910124771385684,2.493852223920778e-97,66.292509,True,True,False,[],GPR_Matern_nu1.5_alpha1e-1_n_restarts10,4.5
double_bass,G2,43.0,29.382299,41.848498,38.446632,36.73317735544557,39.81897556356178,41.74011894672308,35.6153985,40.219579343750006,1.5168148642256938,3.085798208116209,2.0295224364382207,False,True,False,[],GPR_Matern_nu1.5_alpha1e-1_n_restarts10,4.5
double_bass,G3,55.0,19.855789,30.854407,31.147623,25.996160950348173,28.758972549009865,32.19865673870095,25.355097999999998,29.1083839375,1.1090602718148708,2.762811598661692,2.0954344509901333,False,True,False,[],GPR_Matern_nu1.5_alpha1e-1_n_restarts10,4.5
double_bass,G4,67.0,17.456604,12.457552,21.847957,14.084144252128231,12.680945288569358,16.62728534012515,14.957078,12.358303406250002,2.0062042062161276,-1.4031989635588733,-0.22339328856935836,False,True,False,[],GPR_Matern_nu1.5_alpha1e-1_n_restarts10,4.5
